id,uf,municipio,orgao,data_publicacao,modalidade,area_principal,incluido,motivo_exclusao,valor_estimado_total,valor_homologado_total,desconto,tipo_contrato,exclusiva,deserta_fracassada,link_pncp,objeto
00001727000193_2025_22,GO,Goiânia,GOIANIA CAMARA MUNICIPAL DE GOIANIA,2025-06-12,Pregão - Eletrônico,refrigeracao,1,,758998.08,685000.0,0.0975,pontual,False,False,https://pncp.gov.br/app/editais/00001727000193/2025/22,"Contratação de serviços de manutenção preventiva e corretiva em aparelhos de ar-condicionado, bebedouros, refrigeradores e cortinas de ar, de forma continua e ininterrupta, incluindo o fornecimento de"
00001727000193_2025_36,GO,Goiânia,GOIANIA CAMARA MUNICIPAL DE GOIANIA,2025-10-16,Pregão - Eletrônico,manutencao_predial,0,fora_escopo,3282438.53,6962052.122400001,0.293,pontual,False,False,https://pncp.gov.br/app/editais/00001727000193/2025/36,"Contratação de serviços especializados de manutenção corretiva e preventiva predial, com fornecimento de mão de obra sem dedicação exclusiva, sob demanda, incluindo todo o material de consumo, equipam"
00006874000156_2026_115,GO,Novo Brasil,MUNICIPIO DE NOVO BRASIL,2026-05-26,Pregão - Eletrônico,iluminacao_publica,0,fornecimento_puro,387912.9,128579.89999999998,0.6354,pontual,True,False,https://pncp.gov.br/app/editais/00006874000156/2026/115,"REGISTRO DE PREÇOS PARA FUTURA E EVENTUAL AQUISIÇÃO DE MATERIAIS ELÉTRICOS DIVERSOS, DESTINADOS À MANUTENÇÃO PREVENTIVA E CORRETIVA DA REDE ELÉTRICA PREDIAL, ILUMINAÇÃO PÚBLICA, INSTALAÇÕES ELÉTRICAS "
00006874000156_2026_133,GO,Novo Brasil,MUNICIPIO DE NOVO BRASIL,2026-06-22,Pregão - Eletrônico,iluminacao_publica,0,fornecimento_puro,387912.9,128579.89999999998,0.6354,pontual,True,False,https://pncp.gov.br/app/editais/00006874000156/2026/133,"[Portal de Compras Públicas] - REGISTRO DE PREÇOS PARA FUTURA E EVENTUAL AQUISIÇÃO DE MATERIAIS ELÉTRICOS DIVERSOS, DESTINADOS À MANUTENÇÃO PREVENTIVA E CORRETIVA DA REDE ELÉTRICA PREDIAL, ILUMINAÇÃO "
00044834000107_2025_2,GO,Vicentinópolis,MUNICIPIO DE VICENTINOPOLIS,2025-01-27,Pregão - Presencial,climatizacao,1,,1030703.31,353941.0,0.6566,indefinido,False,False,https://pncp.gov.br/app/editais/00044834000107/2025/2,"contratação de empresa especializada, para a prestação de serviços de manutenção corretiva e preventiva, carga de gás, montagem e desmontagem em aparelhos de ar condicionado"
00044834000107_2025_67,GO,Vicentinópolis,MUNICIPIO DE VICENTINOPOLIS,2026-01-12,Pregão - Presencial,iluminacao_publica,0,mencao_passagem,1415716.72,1298100.0,0.0831,indefinido,False,False,https://pncp.gov.br/app/editais/00044834000107/2025/67,"ADESÃO A ATA DE REGISTRO DE PREÇO Nº 009/2025, REFERENTE AO PREGÃO PRESENCIAL Nº 008/2025, TIPO SRP, PARA CONTRATAÇÃO DE EMPRESA ESPECIALIZADA PARA PRESTAÇÃO DE SERVIÇOS DE LOCAÇÃO DE ESTRUTURAS E EQU"
00078790000128_2025_161,GO,Doverlândia,MUNICIPIO DE DOVERLANDIA,2025-08-26,Pregão - Eletrônico,eletrica_predial,0,fornecimento_puro,5643196.91,616725.02,0.6263,pontual,False,True,https://pncp.gov.br/app/editais/00078790000128/2025/161,"ABERTURA DE PROCEDIMENTO LICITATORIO NA MODALIDADE CABIVEL VISANDO A AQUISIÇÃO DE MATERIAIS PARA MANUTENÇÃO DE BENS IMÓVEIS, MATERIAIS ELETRICOS, FERRAMENTAS E MATERIAIS DE SEGURANÇA E PROTEÇÃO."
00079806000117_2026_18,GO,Cachoeira Dourada,MUNICIPIO DE CACHOEIRA DOURADA,2026-04-08,Pregão - Presencial,iluminacao_publica,0,mencao_passagem,880291.62,800000.0,0.0912,indefinido,False,False,https://pncp.gov.br/app/editais/00079806000117/2026/18,"A PRESENTE LICITAÇÃO TEM COMO OBJETO A CONTRATAÇÃO GLOBAL DE EMPRESA DO RAMO PERTINENTE, COM A FINALIDADE DE EXECUÇÃO DE SERVIÇOS DE RODEIO, PALCO, SONORIZAÇÃO, ILUMINAÇÃO, ENTRE OUTROS PARA TODA ESTR"
00097857000171_2025_119,GO,Santo Antônio do Descoberto,MUNICIPIO DE SANTO ANTONIO DO DESCOBERTO,2025-08-05,Pregão - Eletrônico,iluminacao_publica,0,fornecimento_puro,2907765.57,472407.6,0.522,pontual,False,False,https://pncp.gov.br/app/editais/00097857000171/2025/119,Contratação de empresa para aquisição de material elétrico para serviços de manutenção e instalações na iluminação pública.
00145789000179_2025_395,GO,Campinaçu,MUNICIPIO DE CAMPINACU,2025-08-27,Pregão - Presencial,climatizacao,1,,129149.02,128316.0,0.0065,indefinido,False,False,https://pncp.gov.br/app/editais/00145789000179/2025/395,"PRESTAÇÃO DE SERVIÇOS DE MANUTENÇÃO (CORRETIVA E PREVENTIVA), INSTALAÇÃO E HIGIENIZAÇÃO DE CONDICIONADORES DE AR, PARA ATENDER OS FUNDOS E SECRETARIAS DO MUNICÍPIO DE CAMPINAÇU/GO"
00163055000112_2025_135,GO,Mundo Novo,MUNICIPIO DE MUNDO NOVO,2025-08-21,Pregão - Presencial,climatizacao,1,,1325308.5,585838.0,0.558,indefinido,False,False,https://pncp.gov.br/app/editais/00163055000112/2025/135,"CONTRATAÇÃO DE PRESTAÇÃO DE SERVIÇOS DE INSTALAÇÃO, LIMPEZA, MANUTENÇÃO CORRETIVA E PREVENTIVA EM APARELHOS DE AR CONDICIONADO, E MANUTENÇÃO DE ELETRODOMÉSTICOS, DE FORMA PARCELADA PELO PERÍODO DE 12 "
00236968000111_2025_55,GO,Nova Crixás,MUNICIPIO DE NOVA CRIXAS,2026-05-07,Pregão - Presencial,climatizacao,1,,939816.65,774048.5,0.1764,pontual,False,False,https://pncp.gov.br/app/editais/00236968000111/2025/55,CONTRATAÇÃO DE EMPRESA PARA O REGISTRO DE PREÇOS EVENTUAL CONTRATAÇÃO NA PRESTAÇÃO DE SERVIÇOS DE INSTALAÇÃO/REMOÇÃO/MANUTENÇÃO/HIGIENE/ LIMPEZA DE AR CONDICIONADO E FORNECIMENTO DE PEÇAS PARA ATENDIM
00237222000122_2025_18,GO,Goiânia,CONSELHO REGIONAL DE ENFERMAGEM DE GOIAS,2025-11-05,Pregão - Eletrônico,climatizacao,1,,375931.64,124940.0,0.6677,indefinido,False,False,https://pncp.gov.br/app/editais/00237222000122/2025/18,"Contratação de empresa especializada para prestação de serviços contínuos de manutenção preventiva e corretiva de ar condicionado com reposição de peças originais, sem ônus adicional para a Contratant"
00348003000110_2026_252,TO,Palmas,EMPRESA BRASILEIRA DE PESQUISA AGROPECUARIA,2026-05-22,Pregão - Eletrônico,manutencao_predial,0,fora_escopo,4852906.5,2809501.9,0.2026,continuado,False,True,https://pncp.gov.br/app/editais/00348003000110/2026/252,"Formação de Registro de Preços para eventual contratação de empresa especializada para prestação de serviços comuns descontinuados de manutenção predial corretiva e preventiva, com fornecimento de mão"
00348003000110_2026_583,MT,Sinop,EMPRESA BRASILEIRA DE PESQUISA AGROPECUARIA,2026-07-22,Pregão - Eletrônico,eletrica_predial,0,fornecimento_puro,221718.91,12235.209999999997,0.5832,pontual,False,True,https://pncp.gov.br/app/editais/00348003000110/2026/583,Registro de Preços para aquisição de materiais elétricos e hidráulicos para suprir as demandas de manutenção corretiva e preventiva das instalações físicas da Embrapa Agrossilvipastoril
00348003000110_2026_585,DF,Brasília,EMPRESA BRASILEIRA DE PESQUISA AGROPECUARIA,2026-07-23,Pregão - Eletrônico,refrigeracao,1,,823950.0,338700.0,0.5889,pontual,False,False,https://pncp.gov.br/app/editais/00348003000110/2026/585,"Contratação de serviços de manutenção preventiva e corretiva em equipamentos de refrigeração, instalação de equipamentos para sistemas de climatização e refrigeração, com fornecimento de materiais, pe"
00348003000110_2026_638,GO,Santo Antônio de Goiás,EMPRESA BRASILEIRA DE PESQUISA AGROPECUARIA,2026-08-03,Pregão - Eletrônico,climatizacao,0,fornecimento_puro,67378.3,63900.8,0.0516,pontual,True,True,https://pncp.gov.br/app/editais/00348003000110/2026/638,"Eventual contratação para aquisição de materiais de construção, hidráulicos, elétricos, eletrônicos, ferragens, ferramentas, ar condicionado e madeiras para manutenção de bens móveis e imóveis da Embr"
00348003000110_2026_702,DF,Brasília,EMPRESA BRASILEIRA DE PESQUISA AGROPECUARIA,2026-08-12,Pregão - Eletrônico,eletrica_predial,0,fornecimento_puro,174657.89,126872.15000000001,0.2736,pontual,True,True,https://pncp.gov.br/app/editais/00348003000110/2026/702,"Aquisição de materiais diversos (Manutenção de bens móveis e imóveis, elétricos, insumos agropecuários, proteção, embalagens e químicos e etc)  para atender a Embrapa Cerrados.   "
00348003002245_2025_278,GO,Santo Antônio de Goiás,EMPRESA BRASILEIRA DE PESQUISA AGROPECUARIA,2025-11-13,Pregão - Eletrônico,munck,0,fornecimento_puro,95985.0,95700.0,0.003,pontual,False,True,https://pncp.gov.br/app/editais/00348003002245/2025/278,Formação de Registro de Preços para eventual Aquisições de um conjunto roll-on roll-off (mecanismo de içamento + plataforma) e de um Guincho agrícola giratório.
00394429000100_2025_966,DF,Brasília,COMANDO DA AERONAUTICA,2025-05-27,Pregão - Eletrônico,munck,1,,124135.9,113534.8,0.0854,indefinido,True,False,https://pncp.gov.br/app/editais/00394429000100/2025/966,Contratação de empresa especializada no serviço de içamento de cargas com a utilização de guindaste para prestar o apoio necessário à  manutenção Eletromecânica Nível Parque Octaanual dos radares TA10
00394429000100_2026_1192,DF,Brasília,COMANDO DA AERONAUTICA,2026-06-01,Pregão - Eletrônico,iluminacao_publica,0,mencao_passagem,996686.0,356555.0,0.6423,indefinido,False,False,https://pncp.gov.br/app/editais/00394429000100/2026/1192,"Contratação de serviços de sonorização, iluminação e projeção para a Seção de Cerimonial do GABAER e Unidades Apoiadas."
00394429000100_2026_2144,DF,Brasília,COMANDO DA AERONAUTICA,2026-08-31,Pregão - Eletrônico,manutencao_predial,0,fornecimento_puro,180881.85,123721.1691,0.316,pontual,False,False,https://pncp.gov.br/app/editais/00394429000100/2026/2144,Aquisição de materiais de Elétrica e Pintura para manutenção predial.   
00394452000103_2024_23284,GO,Goiânia,COMANDO DO EXERCITO,2025-05-07,Pregão - Eletrônico,climatizacao,1,,544018.84,237944.1,0.5626,continuado,False,False,https://pncp.gov.br/app/editais/00394452000103/2024/23284,"Contratação de serviços continuados de manutenção preventiva e corretiva em aparelhos condicionadores de ar, com fornecimento de peças originais novas, bem como o serviço de instalação e desinstalação"
00394452000103_2025_14331,GO,Goiânia,COMANDO DO EXERCITO,2025-07-02,Pregão - Eletrônico,eletrica_predial,0,fornecimento_puro,610738.93,59172.300599999995,0.5254,pontual,True,True,https://pncp.gov.br/app/editais/00394452000103/2025/14331,"Aquisição de materiais elétricos, de alvenaria e de manutenção em aparelhos condicionadores de ar, para serem utilizados na manutenção e conservação das  instalações do Comando de Operações Especiais"
00394452000103_2025_16511,GO,Jataí,COMANDO DO EXERCITO,2025-08-27,Pregão - Eletrônico,eletrica_predial,1,,34606.85,32186.0,0.07,pontual,False,False,https://pncp.gov.br/app/editais/00394452000103/2025/16511,"Registro de Preços pelo prazo de 12 (doze) meses, para eventual contratação de serviços de manutenção de rede elétrica, para atender as necessidades do 41º Batalhão de Infantaria Mecanizado."
00394452000103_2025_18092,GO,Goiânia,COMANDO DO EXERCITO,2025-09-04,Pregão - Eletrônico,munck,0,fora_escopo,454429.22,57911.95000000001,0.2843,pontual,True,True,https://pncp.gov.br/app/editais/00394452000103/2025/18092,Aquisição de materiais e medicamentos de consumo odontológico para atender a demanda da  Seção de Odontologia do Posto Médico da Guarnição de Goiânia – PMGu/Gna
00394452000103_2025_23037,MS,Corumbá,COMANDO DO EXERCITO,2025-11-18,Pregão - Eletrônico,manutencao_predial,0,fornecimento_puro,2682099.4,326089.72000000003,0.1527,pontual,False,True,https://pncp.gov.br/app/editais/00394452000103/2025/23037,"Aquisição de Material de Manutenção e Reparação Predial de bens imóveis, hidráulica e alvenaria."
00394452000103_2025_23859,DF,Brasília,COMANDO DO EXERCITO,2025-12-01,Pregão - Eletrônico,iluminacao_publica,0,mencao_passagem,0.0,,,indefinido,False,False,https://pncp.gov.br/app/editais/00394452000103/2025/23859,"Contratação p/ a prest de serv de manut predial, no Ed-Sede da FHE: a) serv contin de manut predial prev, corret e preditiva, com ded excl de mão de obra, forn de aparelhos, equip e ferram necessárias"
00394452000103_2025_24023,MS,Campo Grande,COMANDO DO EXERCITO,2025-12-03,Pregão - Eletrônico,refrigeracao,0,fornecimento_puro,1070048.51,273911.72000000003,0.2562,pontual,False,True,https://pncp.gov.br/app/editais/00394452000103/2025/24023,"Aquisição de material de permanente permanente (ferramentas, informática, refrigeração, instrumentos musicais e empilhadeira) a fim de atender as demandas do 9° Batalhão de Suprimento"
00394452000103_2026_12981,DF,Brasília,COMANDO DO EXERCITO,2026-07-09,Pregão - Eletrônico,manutencao_predial,0,fora_escopo,1047962.52,924758.24,0.1176,pontual,False,False,https://pncp.gov.br/app/editais/00394452000103/2026/12981,"Contratação de empresa especializada do ramo de engenharia, para a prestação de serviços de manutenção predial, de forma contínua, e eventual por demanda, no Edifício-Sede e nos Pontos de Atendimentos"
00394452000103_2026_13259,DF,Brasília,COMANDO DO EXERCITO,2026-07-13,Pregão - Eletrônico,refrigeracao,0,fornecimento_puro,4365592.85,1032549.5700000001,0.2325,pontual,False,True,https://pncp.gov.br/app/editais/00394452000103/2026/13259,"Aquisição de materiais de construção civil, de elétrico predial, de insumos para plataforma cremalheira, de combate a incêndio, para manutenção de equipamentos de refrigeração e de equipamentos/ferram"
00394452000103_2026_14034,MG,Belo Horizonte,COMANDO DO EXERCITO,2026-07-21,Pregão - Eletrônico,munck,0,fora_escopo,2812372.8,311872.7899999999,0.2535,pontual,False,True,https://pncp.gov.br/app/editais/00394452000103/2026/14034,"Aquisição de materiais, insumos, alimentos e medicamentos para o efetivo animal do CPOR/CM-BH e Órgãos Participantes."
00394452000103_2026_15739,GO,Jataí,COMANDO DO EXERCITO,2026-08-05,Pregão - Eletrônico,climatizacao,1,,116783.28,58382.0,0.5001,pontual,True,False,https://pncp.gov.br/app/editais/00394452000103/2026/15739,Contratação de serviços de instalação de ar condicionado e manutenção de máquinas e equipamentos.
00394494000136_2026_812,DF,Brasília,MINISTERIO DA JUSTICA E SEGURANCA PUBLICA,2026-08-04,Pregão - Eletrônico,manutencao_predial,0,fora_escopo,2109078.0,1686207.861,0.2005,indefinido,False,False,https://pncp.gov.br/app/editais/00394494000136/2026/812,"Manutenção predial corretiva e preventiva para o edifício sede da Secretaria Nacional de Políticas Penais (SENAPPEN), situado no SCN Q. 4 - Bl. A, Ed. MultiBrasil, Torre ""A"" - Asa Norte, Brasília/DF. "
00394494010441_2026_523,DF,Brasília,MINISTERIO DA JUSTICA E SEGURANCA PUBLICA,2026-07-13,Pregão - Eletrônico,iluminacao_publica,0,mencao_passagem,55121114.0,54951360.0,0.0031,pontual,False,False,https://pncp.gov.br/app/editais/00394494010441/2026/523,"Registro de preços para eventual e futura aquisição de radar portátil móvel, iluminador e tripé, em grupo único, conforme condições, quantidades e exigências estabelecidas no Edital e seus anexos"
00394502000144_2026_7871,DF,Brasília,COMANDO DA MARINHA,2026-07-15,Pregão - Eletrônico,eletrica_predial,0,fora_escopo,3340839.4,2895817.92,0.1332,indefinido,False,False,https://pncp.gov.br/app/editais/00394502000144/2026/7871,"Contratação de serviços de engenharia para elaboração de projeto executivo, execução da modernização e prestação de manutenção integral de 12 (doze) elevadores elétricos, instalados em edifícios de Pr"
00394544000185_2026_1654,MS,Campo Grande,MINISTERIO DA SAUDE,2026-08-12,Pregão - Eletrônico,eletrica_predial,0,fornecimento_puro,998667.75,201161.348,0.3792,pontual,False,True,https://pncp.gov.br/app/editais/00394544000185/2026/1654,"Aquisição de materiais elétricos para as manutenções realizadas em quadros de comando e edificações das aldeias, pertencentes às áreas de abrangência do Distrito Sanitário Especial Indígena Mato Gross"
00394684000153_2026_104,DF,Brasília,SECRETARIA DE ESTADO DE ECONOMIA DO DISTRITO FEDERAL,2026-07-17,Pregão - Eletrônico,eletrica_predial,0,fornecimento_puro,559807.17,328939.3,0.2426,pontual,False,False,https://pncp.gov.br/app/editais/00394684000153/2026/104,"Pregão eletrônico, na modalidade Registro de Preços, destinado a aquisição de materiais de consumo, compreendendo materiais diversos utilizados em serviços de serralheria, pintura, hidráulica, acabame"
00394684000153_2026_113,DF,Brasília,SECRETARIA DE ESTADO DE ECONOMIA DO DISTRITO FEDERAL,2026-08-03,Pregão - Eletrônico,eletrica_predial,0,fornecimento_puro,5477834.0,3517664.8400000003,0.0375,pontual,False,True,https://pncp.gov.br/app/editais/00394684000153/2026/113,"Registro de Preços a fim de possibilitar a futura aquisição de material elétrico e eletrônico (cabo elétrico, disjuntor, interruptor, tomada, soquete, dentre outros similares), para atender às necessi"
00394684000153_2026_49,DF,Brasília,SECRETARIA DE ESTADO DE ECONOMIA DO DISTRITO FEDERAL,2026-04-15,Pregão - Eletrônico,refrigeracao,1,,1934898.84,1237566.6500000001,0.485,indefinido,False,False,https://pncp.gov.br/app/editais/00394684000153/2026/49,"Registro de Preços, a fim de possibilitar a futura contratação de empresa especializada na prestação de serviços de manutenção preventiva e corretiva de bebedouros e purificadores de água, que se enco"
00396895000125_2025_576,GO,Goiânia,"MINISTERIO DA AGRICULTURA, PECUARIA E ABASTECIMENTO",2025-11-19,Pregão - Eletrônico,manutencao_predial,0,fora_escopo,3999999.48,2928955.1361,0.2678,continuado,False,False,https://pncp.gov.br/app/editais/00396895000125/2025/576,"Registro de Preços para contratação futura de  empresa especializada na prestação, sob demanda, de serviços comuns de engenharia, de caráter continuado, de manutenção predial preventiva /corretiva com"
00489828000155_2025_620,GO,Goiânia,MINISTERIO DA GESTAO E DA INOVACAO EM SERVICOS PUBLICOS,2025-10-07,Pregão - Eletrônico,climatizacao,1,,647784.91,999093.37,0.3098,pontual,False,False,https://pncp.gov.br/app/editais/00489828000155/2025/620,"Registro de Preços para a contratação de serviços de manutenção preventiva, corretiva, assistência técnica, instalação, remoção e remanejamento de aparelhos de ar condicionado, já existentes ou a sere"
00508903000188_2025_2169,GO,Goiânia,JUSTICA FEDERAL DE PRIMEIRA INSTANCIA,2025-09-19,Pregão - Eletrônico,climatizacao,0,equipamento_alto,991458.53,876385.1804000001,0.1161,pontual,False,False,https://pncp.gov.br/app/editais/00508903000188/2025/2169,"Contratação de empresa para substituir aparelhos de ar-condicionado tipo Split System nos edifícios das Subseções Judiciárias de Anápolis, Formosa, Itumbiara, Jataí e Uruaçu, e instalar sistema VRF na"
00508903000188_2026_1432,GO,Goiânia,JUSTICA FEDERAL DE PRIMEIRA INSTANCIA,2026-07-29,Pregão - Eletrônico,climatizacao,0,fornecimento_puro,15372.88,9818.22,0.1133,pontual,True,True,https://pncp.gov.br/app/editais/00508903000188/2026/1432,Aquisição de materiais elétricos destinados à adequação das instalações elétricas para atendimento aos aparelhos de ar-condicionado no Edifício Gama Dias da Justiça Federal em Goiânia
00508903000188_2026_967,TO,Palmas,JUSTICA FEDERAL DE PRIMEIRA INSTANCIA,2026-05-26,Pregão - Eletrônico,manutencao_predial,0,fora_escopo,40948.47,37450.0,0.0854,pontual,True,False,https://pncp.gov.br/app/editais/00508903000188/2026/967,"Formação de REGISTRO DE PREÇOS visando à contratação de empresa especializada para eventual execução, sob demanda, dserviços comuns voltados à manutenção predial preventiva e corretiva, com fornecimen"
00509018000113_2025_1112,GO,Goiânia,TRIBUNAL SUPERIOR ELEITORAL,2025-05-22,Pregão - Eletrônico,manutencao_predial,0,fora_escopo,4862877.21,6151379.76,0.1246,continuado,False,True,https://pncp.gov.br/app/editais/00509018000113/2025/1112,"Contratação de serviços continuados de apoio a copa, limpeza, higienização, asseio, conservação predial e serviços gerais, mediante alocação de postos de trabalho de 44 horas semanais em regime de ded"
00509018000113_2025_1577,GO,Goiânia,TRIBUNAL SUPERIOR ELEITORAL,2025-07-02,Pregão - Eletrônico,manutencao_predial,0,fora_escopo,2822574.24,2276361.2600000002,0.1935,continuado,False,False,https://pncp.gov.br/app/editais/00509018000113/2025/1577,"Contratação de serviços continuados de apoio a copa, limpeza, higienização, asseio, conservação predial e serviços gerais, com fornecimento de materiais, equipamentos e utensílios e serviços continuad"
00509018000113_2025_2719,GO,Goiânia,TRIBUNAL SUPERIOR ELEITORAL,2025-10-03,Pregão - Eletrônico,manutencao_predial,0,fora_escopo,2464192.67,1836708.0599999998,0.2546,continuado,False,False,https://pncp.gov.br/app/editais/00509018000113/2025/2719,"Contratação de serviços de apoio a copa, limpeza, higienização, asseio, conservação predial e serviços gerais, com fornecimento de materiais, equipamentos e utensílios e serviços continuados de jardin"
00509018000113_2026_1080,GO,Goiânia,TRIBUNAL SUPERIOR ELEITORAL,2026-05-19,Pregão - Eletrônico,manutencao_predial,0,fornecimento_puro,520680.6,236952.5,0.4759,pontual,False,True,https://pncp.gov.br/app/editais/00509018000113/2026/1080,"Registro de preços para futura e eventual aquisição de materiais elétricos de consumo para manutenção predial das edificações da Justiça Eleitoral de Goiás, com garantia mínima de 12 (doze) meses, con"
00509018000113_2026_494,GO,Goiânia,TRIBUNAL SUPERIOR ELEITORAL,2026-03-05,Pregão - Eletrônico,climatizacao,1,,43789.78,17330.0,0.6042,continuado,True,False,https://pncp.gov.br/app/editais/00509018000113/2026/494,"Contratação de serviços continuados de manutenção preventiva, corretiva e elaboração de Plano de Manutenção, Operação e Controle (PMOC), com fornecimento de peças, materiais, compressores, mão-de-obra"
00509968000148_2024_4438,GO,Goiânia,TRIBUNAL SUPERIOR DO TRABALHO,2024-12-20,Pregão - Eletrônico,refrigeracao,0,fora_escopo,2001591.32,1414833.03,0.2931,continuado,False,False,https://pncp.gov.br/app/editais/00509968000148/2024/4438,"Contratação de empresa especializada para a prestação de serviços técnicos, continuados e sob demanda, em operação e controle, movimentação, adequação e adaptação de elementos dos sistemas, suporte té"
00509968000148_2025_160,GO,Goiânia,TRIBUNAL SUPERIOR DO TRABALHO,2025-01-13,Pregão - Eletrônico,manutencao_predial,1,,1880859.16,3158522.840000001,0.1508,pontual,False,False,https://pncp.gov.br/app/editais/00509968000148/2025/160,"Contratação de empresa especializada para prestação dos serviços de manutenção predial preditiva, preventiva e corretiva, caracterizados como serviços comuns e de natureza contínua, para atenderem às "
00509968000148_2026_1604,GO,Goiânia,TRIBUNAL SUPERIOR DO TRABALHO,2026-05-27,Pregão - Eletrônico,climatizacao,0,equipamento_alto,1835871.8,1104601.85,0.3983,pontual,False,False,https://pncp.gov.br/app/editais/00509968000148/2026/1604,"Registro de preços para eventual fornecimento e instalação de equipamentos de ar-condicionado tipo split high-wall, split piso-teto, split cassete, com eventual retirada de máquinas, incluindo pequena"
00531954000120_2025_154,DF,Brasília,TRIBUNAL DE JUSTICA DO DISTRITO FEDERAL E DOS TERRITORIOS,2026-01-23,Pregão - Eletrônico,refrigeracao,0,fora_escopo,799533.44,443035.56,0.4459,indefinido,False,False,https://pncp.gov.br/app/editais/00531954000120/2025/154,"Contratação de empresa especializada na prestação de serviços de manutenção preventiva e corretiva dos equipamentos de ar condicionado de pequeno e médio porte, bem como na manutenção corretiva em beb"
00675468000186_2025_67,GO,Caldas Novas,DEMAE - DEPARTAMENTO MUNICIPAL DE AGUA E ESGOTO,2025-10-14,Pregão - Eletrônico,climatizacao,1,,160547.66,112500.0,0.2993,pontual,False,False,https://pncp.gov.br/app/editais/00675468000186/2025/67,"CONTRATAÇÃO DE EMPRESA PARA REGISTRO DE PREÇOS PARA FUTURA E EVENTUAL MANUTENÇÃO PREVENTIVA E CORRETIVA E INSTALAÇÃO DE EQUIPAMENTOS DE AR CONDICIONADO, COM FORNECIMENTO DE PEÇAS E COMPONENTES DO DEMA"
01005727000124_2025_88,GO,Aparecida de Goiânia,MUNICIPIO DE APARECIDA DE GOIANIA,2025-07-10,Pregão - Eletrônico,climatizacao,1,,428920.0,297999.96,0.3052,continuado,False,False,https://pncp.gov.br/app/editais/01005727000124/2025/88,"Contratação de empresa especializada em manutenção preventiva mensal, corretiva e emergencial, nos sistemas de refrigeração, instalados nos prédios do Complexo da Cidade Administrativa Maguito Vilela "
01005727000124_2026_158,GO,Aparecida de Goiânia,MUNICIPIO DE APARECIDA DE GOIANIA,2026-05-28,Pregão - Eletrônico,eletrica_predial,0,fornecimento_puro,1275766.74,600000.0,0.5297,pontual,False,False,https://pncp.gov.br/app/editais/01005727000124/2026/158,"REGISTRO DE PREÇO PARA EVENTUAL CONTRATAÇÃO DE EMPRESA ESPECIALIZADA NA PRESTAÇÃO DE SERVIÇOS DE MANUTENÇÃO CORRETIVA E PREVENTIVA DE EQUIPAMENTOS ODONTOLÓGICOS, COM FORNECIMENTO E SUBSTITUIÇÃO DE PEÇ"
01005727000124_2026_21,GO,Aparecida de Goiânia,MUNICIPIO DE APARECIDA DE GOIANIA,2026-01-19,Pregão - Eletrônico,refrigeracao,0,mencao_passagem,13086269.88,17842075.92,-0.3634,continuado,False,False,https://pncp.gov.br/app/editais/01005727000124/2026/21,"Registro de Preço para eventual contratação de empresa especializada em locação de ambulâncias (AMBULÂNCIA DE TRANSPORTE / SUPORTE BÁSICO (TIPO A e B), MINIVANS, VAN REFRIGERADA e VANS ACESSIVEIS) em "
01005727000124_2026_4,GO,Aparecida de Goiânia,MUNICIPIO DE APARECIDA DE GOIANIA,2025-12-16,Pregão - Eletrônico,climatizacao,1,,86592.55,58000.0,0.3302,continuado,False,False,https://pncp.gov.br/app/editais/01005727000124/2026/4,"Contratação de empresa especializada para prestação de serviços, sob demanda, relacionados à manutenção preventiva, corretiva, instalação e remoção de aparelhos de ar condicionado, com fornecimento de"
01005917000141_2025_257,GO,Bela Vista de Goiás,MUNICIPIO DE BELA VISTA DE GOIAS,2025-12-18,Pregão - Presencial,iluminacao_publica,0,fornecimento_puro,990458.73,940315.0,0.0506,pontual,False,False,https://pncp.gov.br/app/editais/01005917000141/2025/257,AQUISIÇÃO FUTURA E PARCELADA DE ITENS DE NATAL DESTINADOS À DECORAÇÃO E ILUMINAÇÃO DOS ESPAÇOS PÚBLICOS DO MUNICÍPIO DE BELA VISTA DE GOIÁS
01005917000141_2025_75,GO,Bela Vista de Goiás,MUNICIPIO DE BELA VISTA DE GOIAS,2025-04-28,Pregão - Eletrônico,climatizacao,1,,169673.52,74864.1,0.5588,pontual,False,False,https://pncp.gov.br/app/editais/01005917000141/2025/75,"Contratação futura, eventual e parcelada de empresa especializada na prestação de serviço de instalação, desinstalação e manutenção de ar condicionado para atender às demandas do Poder Executivo, Fund"
01005917000141_2026_54,GO,Bela Vista de Goiás,MUNICIPIO DE BELA VISTA DE GOIAS,2026-04-30,Pregão - Eletrônico,manutencao_predial,0,fornecimento_puro,3159768.55,983994.9,0.2834,pontual,False,False,https://pncp.gov.br/app/editais/01005917000141/2026/54,"Contratação futura, eventual e parcelada de empresa especializada para o fornecimento de materiais destinados à execução de reparos, manutenções preventivas e corretivas, pequenas reformas e demais in"
01005917000141_2026_70,GO,Bela Vista de Goiás,MUNICIPIO DE BELA VISTA DE GOIAS,2026-06-09,Pregão - Eletrônico,iluminacao_publica,0,fornecimento_puro,519837.85,320532.16,0.3834,pontual,False,False,https://pncp.gov.br/app/editais/01005917000141/2026/70,"CONTRATAÇÃO FUTURA, EVENTUAL E PARCELADA DE EMPRESA ESPECIALIZADA NO FORNECIMENTO DE FERRAMENTAS, EQUIPAMENTOS E HERBICIDAS PARA ATENDER A DEMANDA DA SECRETARIA MUNICIPAL DE ILUMINAÇÃO, PRAÇAS, JARDIN"
01015676000111_2025_47,GO,Goiânia,CONSELHO REGIONAL DE CONTABILIDADE DO ESTADO DE GOIAS,2025-08-01,Pregão - Eletrônico,manutencao_predial,0,fora_escopo,691280.71,519483.2,0.2485,continuado,False,False,https://pncp.gov.br/app/editais/01015676000111/2025/47,"Contratação de empresa para prestação de serviços de manutenção predial preventiva, corretiva e preditiva, com fornecimento de peças, materiais de consumo, insumos e mão de obra sem dedicação exclusiv"
01015676000111_2025_60,GO,Goiânia,CONSELHO REGIONAL DE CONTABILIDADE DO ESTADO DE GOIAS,2025-08-22,Pregão - Eletrônico,climatizacao,1,,119171.53,198200.0,0.1609,continuado,False,False,https://pncp.gov.br/app/editais/01015676000111/2025/60,"Prestação de serviços continuados de manutenção preventiva e corretiva das instalações, equipamentos e aparelhos de ar condicionado, com fornecimento de peças, materiais, mão de obra, instalação e des"
01065846000172_2026_282,GO,Goianésia,MUNICIPIO DE GOIANESIA,2026-04-15,Pregão - Eletrônico,iluminacao_publica,0,fornecimento_puro,15159321.25,5593732.0,0.631,pontual,False,False,https://pncp.gov.br/app/editais/01065846000172/2026/282,"PROCESSO LICITATÓRIO, NA MODALIDADE REGISTRO DE PREÇOS, PARA CONTRATAÇÃO DE EMPRESA ESPECIALIZADA NO FORNECIMENTO DE MATERIAIS ELÉTRICOS E FERRAMENTAS A SEREM UTILIZADOS, NA MANUTENÇÃO DA ILUMINAÇÃO P"
01065846000172_2026_584,GO,Goianésia,MUNICIPIO DE GOIANESIA,2026-06-01,Pregão - Eletrônico,munck,1,,1397510.4,565440.0,0.5954,pontual,False,False,https://pncp.gov.br/app/editais/01065846000172/2026/584,"REGISTRO DE PREÇOS PARA A REGISTRO DE PREÇOS, PARA A CONTRATAÇÃO DE EMPRESA PARA LOCAÇÃO DE CAMINHÃO TIPO MUNCK, ANO E MODELO DE FABRICAÇÃO NÃO INFERIOR AO ANO DE 2.000 PARA ATENDER AS NECESSIDADES DA"
01065846000172_2026_72,GO,Goianésia,MUNICIPIO DE GOIANESIA,2026-02-11,Pregão - Eletrônico,eletrica_predial,0,mencao_passagem,2711790.0,564640.0,0.0,continuado,False,False,https://pncp.gov.br/app/editais/01065846000172/2026/72,"ADESÃO À ATA DE REGISTRO DE PREÇOS Nº 053/2025, GERENCIADA PELO INSTITUTO FEDERAL DE EDUCAÇÃO, CIÊNCIA E TECNOLOGIA DE SÃO PAULO - IFSP, NA CONDIÇÃO DE ÓRGÃO NÃO PARTICIPANTE (CARONA EXTERNA), VISANDO"
01067081000100_2025_10,GO,Aruanã,MUNICIPIO DE ARUANA,2026-09-02,Pregão - Presencial,iluminacao_publica,0,fornecimento_puro,78020.0,73176.0,0.0621,pontual,False,False,https://pncp.gov.br/app/editais/01067081000100/2025/10,ABERTURA DE PROCESSO PARA A AQUISIÇÃO DE LUMINARIAS PARA ILUMINAÇÃO PÚBLICA COM BASE PARA RELÊ E RELÊS FOCONTROLADORES
01067081000100_2025_3,GO,Aruanã,MUNICIPIO DE ARUANA,2026-09-02,Pregão - Eletrônico,eletrica_predial,0,fornecimento_puro,1073944.63,594156.5,0.2644,pontual,False,False,https://pncp.gov.br/app/editais/01067081000100/2025/3,"Contratação de prestação de serviço/locação de Sistema de Estrutura de Som e Sistema de Iluminação, gerador e banheiro químico,  para atender a demanda das Secretarias de Administração Municipal de Ar"
01067081000100_2026_91,GO,Aruanã,MUNICIPIO DE ARUANA,2026-08-28,Pregão - Eletrônico,iluminacao_publica,0,fornecimento_puro,1417650.0,703000.0,0.5041,pontual,False,False,https://pncp.gov.br/app/editais/01067081000100/2026/91,"Aquisição de luminárias para iluminação pública com base para relê e relês fotocontroladores, com o fim de atender as demandas da Secretaria Municipal de Administração."
01067206000100_2025_201,GO,Divinópolis de Goiás,MUNICIPIO DE DIVINOPOLIS DE GOIAS,2026-06-11,Pregão - Presencial,iluminacao_publica,0,equipamento_alto,174136.93,158306.34,0.0909,indefinido,False,False,https://pncp.gov.br/app/editais/01067206000100/2025/201,"Adesão da Ata de Registro de Preços nº 002/2024 - LOCAÇÃO DE ESTRUTURA DE PALCO, SONORIZAÇÃO, ILUMINAÇÃO, GERADOR, APOIO TÉCNICO E DEMAIS EQUIPAMENTOS NECESSÁRIOS À REALIZAÇÃO DOS EVENTOS FESTIVOS - j"
01067255000134_2026_4,GO,Itaguaru,MUNICIPIO DE ITAGUARU,2026-01-16,Pregão - Eletrônico,eletrica_predial,0,equipamento_alto,3135000.0,3135000.0,0.0,pontual,False,False,https://pncp.gov.br/app/editais/01067255000134/2026/4,"Registro de Preços para eventual contratação de empresa especializada na instalação e operação de sistema de minigeração de energia solar fotovoltaica ON-GRID, com potência estimada de 570 kWp, abrang"
01067255000134_2026_55,GO,Itaguaru,MUNICIPIO DE ITAGUARU,2026-04-09,Pregão - Presencial,iluminacao_publica,0,fornecimento_puro,880993.48,253473.7,0.0834,pontual,False,False,https://pncp.gov.br/app/editais/01067255000134/2026/55,AQUISIÇÃO DE MATERIAL ELÉTRICO E ELETRONICO PARA MANUTENÇÃO DA ILUMINAÇÃO PUBLICA E PREDIOS PUBLICOS.
01067255000134_2026_63,GO,Itaguaru,MUNICIPIO DE ITAGUARU,2026-05-20,Pregão - Eletrônico,munck,1,,188966.64,188966.64,0.0,pontual,False,False,https://pncp.gov.br/app/editais/01067255000134/2026/63,"Registro de Preços para contratação, sob demanda, de empresa especializada em locação de caminhão com cesto aéreo, para atender as demandas do município de Itaguaru, conforme especificações constantes"
01067305000183_2025_311,GO,Leopoldo de Bulhões,MUNICIPIO DE LEOPOLDO DE BULHOES,2025-11-19,Pregão - Presencial,iluminacao_publica,0,mencao_passagem,2534138.28,1099600.0,0.5661,pontual,False,False,https://pncp.gov.br/app/editais/01067305000183/2025/311,"REGISTRO DE PREÇOS PARA CONTRATAÇÃO FUTURA E EVENTUAL DE EMPRESA ESPECIALIZADA EM SERVIÇOS DE SEGURANÇA, BOMBEIRO CIVIL, LOCAÇÃO DE EQUIPAMENTOS DE SONORIZAÇÃO, ILUMINAÇAO E ESTRUTURAS METÁLICAS PARA "
01067479000146_2025_157,GO,Anápolis,MUNICIPIO DE ANAPOLIS,2025-12-18,Pregão - Eletrônico,iluminacao_publica,0,mencao_passagem,11675975.54,2033770.84,0.7147,pontual,False,False,https://pncp.gov.br/app/editais/01067479000146/2025/157,"Registro de Preços para a eventual e futura contratação de empresa especializada na prestação de serviços de locação, montagem e desmontagem de estruturas para eventos, compreendendo tendas, palcos, s"
01067479000146_2025_34,GO,Anápolis,MUNICIPIO DE ANAPOLIS,2025-06-24,Pregão - Eletrônico,manutencao_predial,0,mencao_passagem,8735760.0,4700520.0,0.4619,pontual,False,False,https://pncp.gov.br/app/editais/01067479000146/2025/34,"Contratação de empresa especializada na prestação de serviços de administração, preparo, fornecimento e distribuição de alimentação, com fornecimento de todos os insumos, equipamentos, materiais e mão"
01067479000146_2026_118,GO,Anápolis,MUNICIPIO DE ANAPOLIS,2026-05-29,Pregão - Eletrônico,climatizacao,1,,2466726.24,937000.0,0.6201,pontual,False,False,https://pncp.gov.br/app/editais/01067479000146/2026/118,"Registro de preços para futura e eventual contratação de empresa especializada para prestação dos serviços contínuos de assistência técnica em manutenção preventiva e corretiva, incluindo a implantaçã"
01067925000112_2025_33,GO,Nova Roma,MUNICIPIO DE NOVA ROMA,2025-06-11,Pregão - Eletrônico,eletrica_predial,0,fornecimento_puro,772336.55,140264.99000000002,0.0484,pontual,False,False,https://pncp.gov.br/app/editais/01067925000112/2025/33,"Registro de Preços para a aquisição parcelada de materiais elétrico e correlatos para a manutenção preventiva e corretiva das instalações elétricas dos prédios públicos, sistemas de iluminação públi-c"
01067941000105_2026_20,GO,Pirenópolis,MUNICIPIO DE PIRENOPOLIS,2026-03-24,Pregão - Eletrônico,iluminacao_publica,0,mencao_passagem,26159014.8,13479333.3999,0.4046,indefinido,False,False,https://pncp.gov.br/app/editais/01067941000105/2026/20,"Contratação de Empresa Especializada para Locação de Equipamentos de Sonorização, Grade de Segurança Para Eventos, Iluminação, Palco, Tendas, Banheiros Químicos, Cadeiras Dentre Outros Itens"
01067974000155_2026_20,TO,Ponte Alta do Tocantins,MUNICIPIO DE PONTE ALTA DO TOCANTINS,2026-08-19,Pregão - Presencial,iluminacao_publica,0,fornecimento_puro,717151.0,716970.0,0.0003,pontual,False,False,https://pncp.gov.br/app/editais/01067974000155/2026/20,"AQUISIÇÃO DE MATERIAIS ELÉTRICOS DESTINADOS A ATENDER AS NECESSIDADES DA PREFEITURA MUNICIPAL DE PONTE ALTA DO TOCANTINS – TO E SEUS RESPECTIVOS FUNDOS MUNICIPAIS E SECRETARIAS, VISANDO A MANUTENÇÃO P"
01067990000148_2026_2,GO,Santa Rita do Araguaia,MUNICIPIO DE SANTA RITA DO ARAGUAIA,2026-03-06,Pregão - Eletrônico,climatizacao,1,,314158.51,114424.61999999998,0.4583,indefinido,False,True,https://pncp.gov.br/app/editais/01067990000148/2026/2,SOLICITAÇÃO DE ABERTURA DE PROCESSO LICITATÓRIO  PARA CONTRATAÇÃO DE EMPRESA ESPECIALIZADA EM MANUTENÇÃO DE AR CONDICIONADO PARA ATENDER AS NECESSIDADES DA SECRETARIA DE  ADMINISTRAÇÃO E DEMIAS FUNDOS
01068014000100_2026_132,GO,São Domingos,MUNICIPIO DE SAO DOMINGOS,2026-03-20,Pregão - Presencial,manutencao_predial,0,fora_escopo,1472292.35,1455620.0592,0.0113,pontual,False,False,https://pncp.gov.br/app/editais/01068014000100/2026/132,"CONTRATAÇÃO DE EMPRESA PARA PRESTAÇÃO DE SERVIÇOS DE MANUTENÇÃO PREDIAL PREVENTIVA E CORRETIVA DE BAIXA COMPLEXIDADE, SEM FORNECIMENTO DE MATERIAIS, MEDIANTE DISPONIBILIZAÇÃO DE MÃO DE OBRA, COMPREEND"
01068030000100_2025_774,GO,Silvânia,MUNICIPIO DE SILVANIA,2025-11-19,Pregão - Eletrônico,iluminacao_publica,0,fornecimento_puro,2101300.0,1083868.0,0.4842,pontual,False,False,https://pncp.gov.br/app/editais/01068030000100/2025/774,OFICIO Nº898/2025 AQUISIÇÃO DE MATERIAIS DE ILUMINAÇÃO PUBLICA
01068030000100_2025_830,GO,Silvânia,MUNICIPIO DE SILVANIA,2025-12-23,Pregão - Eletrônico,eletrica_predial,0,fornecimento_puro,216959.54,196857.5,0.0927,pontual,False,False,https://pncp.gov.br/app/editais/01068030000100/2025/830,ADESÃO À ATA DE REGISTRO DE PREÇOS PARA A AQUISIÇÃO DE MATERIAL ELÉTRICO DESTINADO A INSTALAÇÃO E MANUTENÇÃO DA ORNAMENTAÇÃO NATALINA NO MUNICIPIO DE SILVÂNIA.
01068030000100_2026_205,GO,Silvânia,MUNICIPIO DE SILVANIA,2026-05-22,Pregão - Eletrônico,munck,1,,644277.36,393300.0,0.3895,continuado,False,False,https://pncp.gov.br/app/editais/01068030000100/2026/205,OFICIO Nº331/2026 LOCAÇÃO DE CAMINHÃO EQUIPADO COM CESTO AÉREO E CAMINHÃO COMPACTADOR DE LIXO.
01071408000117_2025_2,TO,Abreulândia,2ª Divisão Especializada em Repressão a Narcóticos,2025-09-01,Pregão - Eletrônico,refrigeracao,1,,40000.16,34150.0,0.1463,continuado,True,False,https://pncp.gov.br/app/editais/01071408000117/2025/2,Contratação de empresa especializada para prestação de serviços continuados de manutenção preventiva e corretiva de equipamentos de ar condicionados e em câmara fria/freezer 02 tampas capacidade 400 L
01071438000123_2026_1,TO,Cristalândia,ASSOCIACAO DE APOIO AO COLEGIO MILITAR DO ESTADO DO TOCANTINS OTACILIO MARQUES ROSAL,2026-05-26,Pregão - Eletrônico,manutencao_predial,0,fornecimento_puro,90358.83,28519.582,0.5075,pontual,True,True,https://pncp.gov.br/app/editais/01071438000123/2026/1,"Aquisição de materiais de consumo diversos, compreendendo itens de higiene, limpeza e conservação, materiais de acondicionamento e embalagem, utensílios domésticos, materiais de apoio às atividades ad"
01086980000150_2026_1,TO,Axixá do Tocantins,ASSOCIACAO DE APOIO ESCOLA SAO FRANCISCO DE ASSIS,2026-05-21,Pregão - Eletrônico,eletrica_predial,0,equipamento_alto,111473.89,16235.789999999997,0.4775,pontual,True,True,https://pncp.gov.br/app/editais/01086980000150/2026/1,"Aquisição de materiais de higiene e limpeza, de expediente diversos, pedagógicos, elétricos, hidráulicos e/ou utensílios de copa/cozinha ou descartáveis e contratações de serviços gerais para a manute"
01098929000168_2026_24,MG,São João del Rei,CONSORCIO INTERMUNICIPAL DE SAUDE DAS VERTENTES,2026-09-23,Pregão - Eletrônico,refrigeracao,1,,37576.0,37576.0,0.0,pontual,False,False,https://pncp.gov.br/app/editais/01098929000168/2026/24,"Adesão a Ata de Registro de Preços nº0140/2025, Processo Licitatório  nº056/2025, Pregão Eletrônico nº012/2025 cuja detentora da Ata é a PREFEITURA MUNICIPAL DE SÃO FRANCISCO - MG para futura e eventu"
01105626000125_2025_96,GO,Nerópolis,MUNICIPIO DE NEROPOLIS,2025-08-20,Pregão - Eletrônico,climatizacao,0,fornecimento_puro,8188244.37,3493396.35,0.3137,pontual,False,True,https://pncp.gov.br/app/editais/01105626000125/2025/96,"Futura e eventual contratação de empresa especializada para aquisição de Materiais e Equipamentos Diversos, sendo Bens Permanentes como Computadores, Equipamentos de Informática, Ar Condicionados, Ele"
01123678000124_2026_3,GO,Nova Veneza,MUNICIPIO DE NOVA VENEZA,2026-02-04,Pregão - Presencial,eletrica_predial,0,fornecimento_puro,528936.29,151780.55,0.1366,pontual,False,False,https://pncp.gov.br/app/editais/01123678000124/2026/3,AQUISIÇÃO DE MATERIAIS ELÉTRICOS PARA ATENDER A DEMANDA DO MUNICÍPIO E MANUTENÇÃO DOS PRÉDIOS PÚBLICOS.
01131713000157_2025_72,GO,Ceres,MUNICIPIO DE CERES,2025-04-29,Pregão - Eletrônico,climatizacao,1,,640752.0,335000.0,0.4772,pontual,False,False,https://pncp.gov.br/app/editais/01131713000157/2025/72,"PRESTAÇÃO DE SERVIÇO DE MANUTENÇÃO PREVENTIVA E CORRETIVA EM APARELHOS DE AR CONDICIONADOS, CENTRAIS DE AR E APARELHOS DE REFRIGERAÇÃO, INCLUINDO INSTALAÇÃO E DESINSTALAÇÃO, COM TROCA DE PEÇAS E FORNE"
01131713000157_2026_25,GO,Ceres,MUNICIPIO DE CERES,2026-02-20,Pregão - Eletrônico,iluminacao_publica,0,fornecimento_puro,1867062.56,617401.2,0.6693,pontual,False,False,https://pncp.gov.br/app/editais/01131713000157/2026/25,AQUISIÇÃO DE MATERIAIS ELÉTRICOS PARA MANUTENÇÃO DA ILUMINAÇÃO PÚBLICA DO MUNICÍPIO DE CERES-GO.
01137116000130_2026_33,GO,Santa Terezinha de Goiás,MUNICIPIO DE SANTA TEREZINHA DE GOIAS,2026-08-11,Pregão - Eletrônico,iluminacao_publica,0,fornecimento_puro,377775.0,188250.0,0.5017,pontual,False,False,https://pncp.gov.br/app/editais/01137116000130/2026/33,"CONTRATAÇÃO DE EMPRESA ESPECIALIZADA PARA O FORNECIMENTO DE EQUIPAMENTOS DESTINADOS À ILUMINAÇÃO DE LOGRADOUROS, PRAÇAS E DEMAIS ESPAÇOS PÚBLICOS DO MUNICÍPIO DE SANTA TEREZINHA DE GOIÁS/GO."
01138330000100_2027_1,TO,Colméia,ASSOCIACAO APOIO DO COLEGIO ESTADUAL SERRA CORDILHEIRAS,2026-07-09,Pregão - Eletrônico,climatizacao,1,,66730.39,55766.5,0.1643,pontual,True,False,https://pncp.gov.br/app/editais/01138330000100/2027/1,"Registro de preços para contratação de empresa para prestação de serviços de manutenção preventiva e corretiva em equipamentos eletrodomésticos e eletroeletrônicos, câmeras de vigilância, bem como em "
01138957000161_2026_37,TO,Dianópolis,MUNICIPIO DE DIANOPOLIS,2026-06-15,Pregão - Presencial,eletrica_predial,0,fornecimento_puro,4526224.43,877096.77,0.038,pontual,False,True,https://pncp.gov.br/app/editais/01138957000161/2026/37,"Registro de Preços, visando a Aquisição de materiais de construção, conforme demanda, abrangendo pisos, revestimentos, ferragens, materiais hidráulicos, elétricos, de pintura, equipamentos de proteção"
01146604000103_2025_131,GO,Itapuranga,MUNICIPIO DE ITAPURANGA,2025-08-14,Pregão - Eletrônico,eletrica_predial,0,fornecimento_puro,17732958.05,290891.47,0.2404,pontual,False,False,https://pncp.gov.br/app/editais/01146604000103/2025/131,"AQUISIÇÃO DOS SEGUINTES MATERIAIS E EQUIPAMENTOS: PARA CONSTRUÇÃO, FERRAMENTAS, ELÉTRICOS, JARDINAGEM, SINALIZAÇÃO, LIMPEZA AUTOMOTIVA, E EQUIPAMENTOS DE PROTEÇÃO INDIVIDUAL"
01146604000103_2025_166,GO,Itapuranga,MUNICIPIO DE ITAPURANGA,2025-10-08,Pregão - Eletrônico,climatizacao,0,fornecimento_puro,298463.97,233700.2,0.217,pontual,False,False,https://pncp.gov.br/app/editais/01146604000103/2025/166,"AQUISIÇÃO DE POSTES E LUMINÁRIAS SOLAR DE 300W, MESAS E BANCOS DE CONCRETO, LIXEIRAS FABRICADAS COM MATERIAL RECICLADO, LAVA BIKE, EQUIPAMENTO TIPO BIKEREPAIR “OFICINA COMPACTA PARA BICICLETA”, PARACI"
01146604000103_2025_86,GO,Itapuranga,MUNICIPIO DE ITAPURANGA,2025-06-02,Pregão - Eletrônico,eletrica_predial,0,fornecimento_puro,2340520.81,191520.3,0.4053,pontual,False,False,https://pncp.gov.br/app/editais/01146604000103/2025/86,"AQUISIÇÃO DE MATERIAIS ELÉTRICOS, EQUIPAMENTOS DE PROTEÇÃO INDIVIDUAL, E FERRAMENTAS, A SEREM DESTINADOS À MANUTENÇÃO DA ILUMINAÇÃO PÚBLICA DO MUNICIPAL DE ITAPURANGA."
01146604000103_2026_90,GO,Itapuranga,MUNICIPIO DE ITAPURANGA,2026-06-22,Pregão - Eletrônico,iluminacao_publica,0,mencao_passagem,980132.04,298375.0,0.6956,pontual,False,False,https://pncp.gov.br/app/editais/01146604000103/2026/90,"PRESTAÇÃO DE SERVIÇO PARA LOCAÇÃO DE ESTRUTURA PARA REALIZAÇÃO DA 72ª EDIÇÃO DA FESTA DO POVO DE ITAPURANGA, SENDO; PALCO, TENDA INSTITUCIONAL, GRUPO GERADOR, EQUIPAMENTOS DE SOM E ILUMINAÇÃO, BANHEIR"
01149624000138_2025_230,GO,Bom Jesus de Goiás,MUNICIPIO DE BOM JESUS,2025-11-06,Concorrência - Eletrônica,iluminacao_publica,0,mencao_passagem,431782.63,350000.0,0.1894,indefinido,False,False,https://pncp.gov.br/app/editais/01149624000138/2025/230,"[Portal de Compras Públicas] - CONTRATAÇÃO DE EMPRESA ESPECIALIZADA PARA EXECUÇÃO DE SERVIÇOS PARA READEQUAÇÃO DA FACHADO DO HOSPITAL MUNICIPAL JOSE REZENDE COM ILUMINAÇÃO E ACESSIBILIDADE, LOCALIZADO"
01149624000138_2026_88,GO,Bom Jesus de Goiás,MUNICIPIO DE BOM JESUS,2026-04-24,Concorrência - Eletrônica,iluminacao_publica,1,,132971.73,132971.73,0.0223,indefinido,False,False,https://pncp.gov.br/app/editais/01149624000138/2026/88,"[Portal de Compras Públicas] - CONTRATAÇÃO DE EMPRESA DE ENGENHARIA PARA SERVIÇOS DE ENGENHARIA ELÉTRICA, EXTENÇÃO DE REDE BT E ILUMINAÇÃO DA PISTA DE LAÇO NO PARQUE DE EXPOSIÇÃO AGROPECUÁRIO DE BOM J"
01149624000138_2026_90,GO,Bom Jesus de Goiás,MUNICIPIO DE BOM JESUS,2026-04-27,Concorrência - Eletrônica,eletrica_predial,0,obra_grande,1264099.59,1263000.0,0.0009,indefinido,False,False,https://pncp.gov.br/app/editais/01149624000138/2026/90,"[Portal de Compras Públicas] - Obra de reforma do Espaço Esportivo do Parque Ambiental “Sebastião Vieira Ramos”, compreendendo a reforma de quadras esportivas, banheiros e pista de skate, implantação "
01157536000188_2025_268,GO,Iporá,MUNICIPIO DE IPORA,2025-10-03,Pregão - Eletrônico,eletrica_predial,0,fornecimento_puro,605696.09,168580.76,0.4131,pontual,False,False,https://pncp.gov.br/app/editais/01157536000188/2025/268,"AQUISIÇÃO DE MATERIAIS ELÉTRICOS, PARA MANUTENÇÃO DAS SECRETARIAS/FUNDOS DO MUNICÍPIO DE IPORÁ"
01164292000160_2025_13,GO,Caçu,MUNICIPIO DE CACU,2025-08-14,Pregão - Eletrônico,climatizacao,1,,947421.64,522410.9,0.4486,indefinido,False,False,https://pncp.gov.br/app/editais/01164292000160/2025/13,"[LICITANET] - Contratação de empresa especializada para prestação de serviços de limpeza/higienização, instalação/desinstalação, manutenção corretiva e carga de gás em aparelhos de ar condicionado e c"
01164292000160_2025_26,GO,Caçu,MUNICIPIO DE CACU,2025-10-28,Pregão - Eletrônico,iluminacao_publica,0,fornecimento_puro,9344857.11,398327.57,0.4365,pontual,False,True,https://pncp.gov.br/app/editais/01164292000160/2025/26,"[LICITANET] - CONTRATAÇÃO DE EMPRESA PARA AQUISIÇÃO COM ENTREGA PARCELADA DE MATERIAL ELÉTRICO PARA MANUTENÇÃO DA ILUMINAÇÃO PÚBLICA E PRÉDIOS PÚBLICOS, PARA ATENDER A ADMINISTRAÇÃO PÚBLICA NOS PRÓXIM"
01165729000180_2025_246,GO,Jataí,MUNICIPIO DE JATAI,2025-08-13,Pregão - Eletrônico,climatizacao,1,,535317.75,253820.0,0.5259,indefinido,False,False,https://pncp.gov.br/app/editais/01165729000180/2025/246,"[Portal de Compras Públicas] - O objeto da presente licitação é a escolha da proposta mais vantajosa para contratação de uma empresa especializada em manutenção de ar condicionado, com o intuito de pr"
01165729000180_2026_161,GO,Jataí,MUNICIPIO DE JATAI,2026-04-29,Pregão - Eletrônico,iluminacao_publica,0,equipamento_alto,1189703.39,1151486.13,0.2455,indefinido,False,True,https://pncp.gov.br/app/editais/01165729000180/2026/161,"[Portal de Compras Públicas] - Execução dos seguintes objetos de contratação: Grupo 1 - Locação de som, palco, led, iluminação e geradores; Grupo 2 - Locação de tenda galpão; Grupo 3 -  Locação de ten"
01165729000180_2026_206,GO,Jataí,MUNICIPIO DE JATAI,2026-05-15,Pregão - Eletrônico,munck,0,fornecimento_puro,747666.67,504500.0,0.3252,pontual,False,False,https://pncp.gov.br/app/editais/01165729000180/2026/206,"[Portal de Compras Públicas] - Contratação de empresa especializada para o fornecimento de caminhão novo (zero quilômetro), equipado com carroceria metálica e cesto aéreo articulado isolado duplo, des"
01165729000180_2026_264,GO,Jataí,MUNICIPIO DE JATAI,2026-07-01,Concorrência - Eletrônica,eletrica_predial,0,fora_escopo,215767.92,190000.0,0.1194,pontual,False,False,https://pncp.gov.br/app/editais/01165729000180/2026/264,[Portal de Compras Públicas] - O objeto da presente licitação é a contratação de empresa especializada em engenharia civil para execução da reforma e ampliação do Centro de Referência de Assistência S
01165729000180_2026_282,GO,Jataí,MUNICIPIO DE JATAI,2026-07-07,Pregão - Eletrônico,iluminacao_publica,0,fornecimento_puro,19474.95,19320.0,0.008,pontual,True,False,https://pncp.gov.br/app/editais/01165729000180/2026/282,[Portal de Compras Públicas] - O objeto da presente licitação é a escolha da proposta mais vantajosa para aquisição de postes de concreto 10/300 destinados à instalação de redes de proteção e do siste
01165729000180_2026_290,GO,Jataí,MUNICIPIO DE JATAI,2026-07-16,Concorrência - Eletrônica,iluminacao_publica,0,equipamento_alto,16182617.47,8832998.99,0.4542,indefinido,False,False,https://pncp.gov.br/app/editais/01165729000180/2026/290,"[Portal de Compras Públicas] - Contratação de serviços comuns de engenharia para a eficientização do parque de iluminação pública do Município de Jataí-GO, incluindo a substituição das luminárias anti"
01165729000180_2026_304,GO,Jataí,MUNICIPIO DE JATAI,2026-07-29,Pregão - Eletrônico,iluminacao_publica,0,mencao_passagem,65839.8,17504.8,0.0,pontual,True,True,https://pncp.gov.br/app/editais/01165729000180/2026/304,"[Portal de Compras Públicas] - Contratação de empresas do ramo, pelo SISTEMA DE REGISTRO DE PREÇOS - SRP visando à eventual e futura locação, montagem, operação e desmontagem de decoração ambiental, s"
01165729000180_2026_92,GO,Jataí,MUNICIPIO DE JATAI,2026-03-13,Pregão - Eletrônico,iluminacao_publica,0,mencao_passagem,1498954.39,910395.0,0.1846,pontual,False,True,https://pncp.gov.br/app/editais/01165729000180/2026/92,"[Portal de Compras Públicas] - Contratação de empresas do ramo, pelo SISTEMA DE REGISTRO DE PREÇOS - SRP visando à eventual e futura locação, montagem, operação e desmontagem de decoração ambiental, s"
01170331000132_2025_110,GO,Padre Bernardo,MUNICIPIO DE PADRE BERNARDO,2025-09-01,Pregão - Eletrônico,iluminacao_publica,0,fornecimento_puro,7074361.35,799513.8999999999,0.5616,pontual,False,False,https://pncp.gov.br/app/editais/01170331000132/2025/110,"Contratação de pessoa jurídica para fornecimento de Materiais Elétricos em Geral, destinados à execução de atividades de manutenção preventiva e corretiva no sistema de iluminação pública e predial do"
01170331000132_2026_66,GO,Padre Bernardo,MUNICIPIO DE PADRE BERNARDO,2026-07-01,Pregão - Eletrônico,iluminacao_publica,0,fornecimento_puro,1118276.3,1118048.58,0.0002,pontual,False,False,https://pncp.gov.br/app/editais/01170331000132/2026/66,"Solicitação de Adesão à Ata de Registro de Preços (ARP) – CIMINAS, para eventual e futura aquisição de acessórios e equipamentos, visando à manutenção da iluminação pública e ao fornecimento de suprim"
01174580000104_2026_49,GO,Marzagão,MUNICIPIO DE MARZAGAO,2026-05-07,Pregão - Eletrônico,eletrica_predial,0,equipamento_alto,3010563.6,2714712.55,0.0983,pontual,False,False,https://pncp.gov.br/app/editais/01174580000104/2026/49,"CONTRATAÇÃO DE EMPRESA ESPECIALIZADA PARA O FORNECIMENTO, INSTALAÇÃO, MONTAGEM, COMISSIONAMENTO E ENTRADA EM OPERAÇÃO DE USINA DE GERAÇÃO DE ENERGIA ELÉTRICA POR MEIO DE SISTEMA FOTOVOLTAICO CONECTADO"
01179647000195_2026_156,GO,Piracanjuba,MUNICIPIO DE PIRACANJUBA,2026-04-29,Pregão - Eletrônico,eletrica_predial,0,fornecimento_puro,4770920.0,4697200.0,0.0155,pontual,False,False,https://pncp.gov.br/app/editais/01179647000195/2026/156,"PRESTAÇÃO DE SERVIÇOS MECÂNICOS, FUNILARIA, ELÉTRICA E ELETRÔNICA."
01181169000158_2026_1,TO,Paraíso do Tocantins,ASSOCIACAO DE APOIO DO CEM JOSE ALVES DE ASSIS,2026-05-07,Pregão - Eletrônico,eletrica_predial,1,,737998.88,608581.8,0.2323,continuado,False,False,https://pncp.gov.br/app/editais/01181169000158/2026/1,"Prestação de serviços de manutenção preventiva e corretiva predial de bens móveis e imóveis, manutenção preventiva e corretiva elétrica, hidráulica, pintura, serralheria, tapeçaria, vidraçaria, refrig"
01181239000178_2026_4,GO,Palmelo,MUNICIPIO DE PALMELO,2026-05-05,Pregão - Presencial,eletrica_predial,0,fornecimento_puro,9969416.22,1396041.1,0.0988,pontual,False,True,https://pncp.gov.br/app/editais/01181239000178/2026/4,"REGISTRO DE PREÇOS PARA EVENTUAL E FUTURA AQUISIÇÃO PARCELADA DE MATERIAIS DE CONSTRUÇÃO E MATERIAIS ELÉTRICOS, DESTINADOS À MANUTENÇÃO, CONSERVAÇÃO E EXECUÇÃO DE SERVIÇOS PÚBLICOS DO MUNICÍPIO DE PAL"
01181585000156_2026_59,GO,Pires do Rio,MUNICIPIO DE PIRES DO RIO,2026-04-17,Pregão - Eletrônico,iluminacao_publica,0,fornecimento_puro,3122373.59,236421.5,0.6919,pontual,False,False,https://pncp.gov.br/app/editais/01181585000156/2026/59,"REGISTRO DE PREÇOS PARA FUTURA E EVENTUAL AQUISIÇÃO DE MATERIAIS ELÉTRICOS EM GERAL, MATERIAIS PARA ILUMINAÇÃO PÚBLICA E ARTIGOS DE DECORAÇÃO NATALINA ILUMINADA, DESTINADOS À MANUTENÇÃO DAS INSTALAÇÕE"
01184383000168_2026_2,TO,Divinópolis do Tocantins,ASSOCIACAO DE APOIO DO COLEGIO ESTADUAL JOAO DIAS SOBRINHO,2026-06-19,Pregão - Eletrônico,eletrica_predial,0,fornecimento_puro,42029.15,21997.739999999998,0.4766,pontual,True,False,https://pncp.gov.br/app/editais/01184383000168/2026/2,"A presente contratação tem como finalidade atender à necessidade de aquisição de materiais de consumo e manutenção,  compreendendo materiais de limpeza, higiene, proteção individual, descartáveis, ute"
01184383000168_2026_3,TO,Divinópolis do Tocantins,ASSOCIACAO DE APOIO DO COLEGIO ESTADUAL JOAO DIAS SOBRINHO,2026-06-29,Pregão - Eletrônico,climatizacao,1,,25800.0,13826.9,0.4641,pontual,True,False,https://pncp.gov.br/app/editais/01184383000168/2026/3,"Registro de preços para a contratação de empresa especializada para a  prestação de serviços de manutenção preventiva e corretiva em equipamentos  eletrodomésticos, câmeras de vigilância e aparelhos d"
01210830000106_2025_136,TO,Gurupi,FUNDACAO UNIRG,2025-11-05,Pregão - Eletrônico,refrigeracao,0,fornecimento_puro,1676985.05,1146476.0,0.1721,pontual,False,False,https://pncp.gov.br/app/editais/01210830000106/2025/136,"[Portal de Compras Públicas] - O Registro de preços para futura, eventual e parcelada AQUISIÇÃO DE MATERIAL DE MANUTENÇÃO E INSTALAÇÃO DE EQUIPAMENTO DE REFRIGERAÇÃO/CLIMATIZAÇÃO, a fim de atender as "
01215474000113_2026_19,GO,Aragoiânia,MUNICIPIO DE ARAGOIANIA,2026-01-27,Pregão - Eletrônico,climatizacao,0,fornecimento_puro,211443.0,148980.0,0.2954,pontual,False,False,https://pncp.gov.br/app/editais/01215474000113/2026/19,"Contratação de empresa especializada, para Aquisição de Ar Condicionado de 24000 e 30000 BTUS, para atender as necessidades da Secretaria Municipal de Educação de Aragoiânia."
01217538000115_2025_197,GO,Trindade,MUNICIPIO DE TRINDADE,2025-10-17,Pregão - Eletrônico,iluminacao_publica,0,mencao_passagem,2281708.18,1223491.4000000001,0.4638,indefinido,False,False,https://pncp.gov.br/app/editais/01217538000115/2025/197,"[Portal de Compras Públicas] - REGISTRO DE PREÇOS PARA FUTURA CONTRATAÇÃO DE EMPRESA PARA A DISPONIBILIZAÇÃO E IMPLANTAÇÃO DE ESTRUTURAS DESTINADAS À REALIZAÇÃO DA VILA NATALINA 2025, INCLUINDO PALCO,"
01219807000182_2025_187,GO,Uruaçu,MUNICIPIO DE URUACU,2025-09-23,Pregão - Eletrônico,climatizacao,1,,147939.6,104446.89999999998,0.0,indefinido,False,False,https://pncp.gov.br/app/editais/01219807000182/2025/187,"CONTRATAÇÃO DE EMPRESA ESPECIALIZADA NA PRESTAÇÃO DE SERVIÇOS DE INSTALAÇÃO, DESINSTALAÇÃO E MANUTENÇÃO DE AR CONDICIONADO PARA ATENDER DEMANDAS DA SECRETARIA MUNICIPAL DE ADMINISTRAÇÃO E SEUS DEPARTA"
01219807000182_2025_236,GO,Uruaçu,MUNICIPIO DE URUACU,2025-12-16,Pregão - Eletrônico,climatizacao,0,fornecimento_puro,96960.2,96960.2,0.0,pontual,False,False,https://pncp.gov.br/app/editais/01219807000182/2025/236,"Aquisição eventual e futura de aparelhos de ar condicionado do tipo split, tecnologia inverter; com capacidade de 24.000 btus, com controle remoto sem fio, mínimo de três velocidades de insuflamento ("
01219807000182_2026_154,GO,Uruaçu,MUNICIPIO DE URUACU,2026-07-01,Pregão - Eletrônico,iluminacao_publica,0,equipamento_alto,12000047.18,9612361.120000001,0.0,continuado,False,False,https://pncp.gov.br/app/editais/01219807000182/2026/154,Contratação eventual e futura de empresa especializada na prestação de serviços por empreitada global para Modernização de Iluminação Pública (fornecimentos de materiais – mão de obra – encargos – log
01224716000135_2026_109,TO,Tocantinópolis,MUNICIPIO DE TOCANTINOPOLIS,2026-07-22,Pregão - Eletrônico,iluminacao_publica,0,fornecimento_puro,151425.0,124020.0,0.181,pontual,False,False,https://pncp.gov.br/app/editais/01224716000135/2026/109,"Contratação de empresa especializada no ramo para a aquisição de padrões de energia completos monofásicos, nos tamanhos de 5 (cinco) metros e 7 (sete) metros, destinados à instalação, manutenção, expa"
01224716000135_2026_110,TO,Tocantinópolis,MUNICIPIO DE TOCANTINOPOLIS,2026-07-22,Pregão - Eletrônico,iluminacao_publica,0,fornecimento_puro,151425.0,124020.0,0.181,pontual,False,False,https://pncp.gov.br/app/editais/01224716000135/2026/110,"[LICITANET] - Aquisição de padrões de energia completos monofásicos, nos tamanhos de 5 (cinco) metros e 7 (sete) metros, destinados à propriedade, manutenção e uso contínuo do sistema de iluminação pú"
01233716000100_2026_9,TO,Paraíso do Tocantins,ASSOCIACAO DE APOIO A ESCOLA EST PROF JOSE NEZIO RAMOS,2026-06-23,Pregão - Eletrônico,manutencao_predial,0,fora_escopo,303689.28,135081.44,0.5552,continuado,False,False,https://pncp.gov.br/app/editais/01233716000100/2026/9,"Contratação de empresa especializada para a prestação de serviços continuados de manutenção preventiva e corretiva predial, incluindo o fornecimento de materiais, equipamentos, ferramentas, insumos e "
01237403000111_2026_17,TO,Araguatins,MUNICIPIO DE ARAGUATINS,2026-06-16,Concorrência - Eletrônica,iluminacao_publica,0,mencao_passagem,0.0,455326.53,,indefinido,False,False,https://pncp.gov.br/app/editais/01237403000111/2026/17,"Contratação de empresa especializada em engenharia para execução da obra de construção de Praça Pública no Povoado Macaúba, Distrito de Araguatins/TO, compreendendo a execução de serviços de infraestr"
01259530000111_2026_14,GO,Goiânia,CONSELHO REG DOS REPRESENTANTES COMERCIAIS NO EST DE GO,2026-08-11,Pregão - Eletrônico,climatizacao,0,fornecimento_puro,89564.26,78794.70000000003,0.1202,pontual,True,False,https://pncp.gov.br/app/editais/01259530000111/2026/14,"Aquisição de Aparelhos de Ar-condicionado, tipo split, modelos high-wall (Parede), Cassete e piso/teto, todos com tecnologia inverter, com ENTREGA ÚNICA e Aquisição dos acessórios necessários para a i"
01296363000189_2026_5,TO,Divinópolis do Tocantins,ASSOCIACAO DE APOIO A ESCOLA ESTADUAL DONA CANDIDA DE FREITAS,2026-06-12,Pregão - Eletrônico,climatizacao,1,,35925.24,22328.0,0.3785,pontual,True,False,https://pncp.gov.br/app/editais/01296363000189/2026/5,"Registro de preços para contratação de empresa especializada para prestação de serviços de manutenção preventiva e corretiva, instalação,  desmontagem, remoção e higienização de aparelhos de ar-condic"
01298975000100_2026_61,GO,Alexânia,MUNICIPIO DE ALEXANIA,2026-03-13,Pregão - Eletrônico,climatizacao,0,fornecimento_puro,2379572.09,1521611.48,0.3606,pontual,False,False,https://pncp.gov.br/app/editais/01298975000100/2026/61,"Registro de Preços para aquisição futura e eventual de aparelhos de ar-condicionado do tipo Split Inverter, contemplando exclusivamente o fornecimento dos equipamentos, sem inclusão dos serviços de in"
01302603000100_2026_110,GO,Corumbaíba,MUNICIPIO DE CORUMBAIBA,2026-08-18,Pregão - Presencial,munck,1,,194580.0,180000.0,0.0749,pontual,False,False,https://pncp.gov.br/app/editais/01302603000100/2026/110,"SOLICITAÇÃO DE ABERTURA DE PROCEDIMENTO LICITATÓRIO PERTINENTE PARA LOCAÇÃO DE CAMINHAO COM MOTORISTA, CESTO AÉREO HIDRAÚLICO PARA MANUTENÇÃO DA ILUMINAÇÃO PÚBLICA"
01302603000100_2026_114,GO,Corumbaíba,MUNICIPIO DE CORUMBAIBA,2026-08-18,Pregão - Presencial,eletrica_predial,0,mencao_passagem,2244573.72,793710.5,0.0258,pontual,False,False,https://pncp.gov.br/app/editais/01302603000100/2026/114,"SOLICITAÇÃO DE ABERTURA DE PROCEDIMENTO LICITATÓRIO PERTINENTE VISANDO A CONTRATAÇÃO DE PRESTAÇÃO DE SERVIÇOS MECÂNICOS, ELÉTRICOS PARA MANUTENÇÃO DOS VEÍCULOS DA FROTA MUNICIPAL."
01304286000161_2025_139,GO,Três Ranchos,MUNICIPIO DE TRES RANCHOS,2025-10-14,Pregão - Presencial,munck,1,,208180.8,154800.0,0.2564,pontual,False,False,https://pncp.gov.br/app/editais/01304286000161/2025/139,Locação de caminhão Munck com cesto aéreo para serviços de manutenção da iluminação pública e apoio em atividades municipais.
01318898000103_2026_54,GO,Araçu,MUNICIPIO DE ARACU,2026-05-14,Pregão - Eletrônico,eletrica_predial,0,fornecimento_puro,573740.36,29749.44,0.4985,pontual,False,False,https://pncp.gov.br/app/editais/01318898000103/2026/54,Registro de preços para contratação de empresa para fornecimento de materiais elétricos de forma continua e fracionada conforme demanda para a prefeitura e manutenção das redes elétricas do município 
01319326000149_2026_19,GO,Caturaí,MUNICIPIO DE CATURAI,2026-03-12,Pregão - Eletrônico,iluminacao_publica,0,fornecimento_puro,2371511.9,632270.25,0.6053,pontual,True,False,https://pncp.gov.br/app/editais/01319326000149/2026/19,"[LICITANET] - Fornecimento de materiais elétricos diversos, de boa qualidade, para atender as necessidades da Iluminação Pública de ruas e avenidas e outros órgãos do Município de Caturai"
01319326000149_2026_49,GO,Caturaí,MUNICIPIO DE CATURAI,2026-07-13,Pregão - Eletrônico,manutencao_predial,0,fornecimento_puro,1096633.27,190617.45,0.233,pontual,True,False,https://pncp.gov.br/app/editais/01319326000149/2026/49,"[LICITANET] - Aquisição de materiais de construção civil, hidráulica, elétrica, pintura, jardinagem, EPI e ferramentas gerais para manutenção predial, reformas, pequenos reparos e atividades operacion"
01345537000156_2026_269,GO,Aloândia,MUNICIPIO DE ALOANDIA,2026-05-05,Pregão - Eletrônico,iluminacao_publica,0,fornecimento_puro,471095.6,145277.0,0.0,pontual,False,False,https://pncp.gov.br/app/editais/01345537000156/2026/269,"ADESÃO A ATA DE REGISTRO DE PREÇOS PARA FORNECIMENTO DE EQUIPAMENTOS E MATERIAIS ELÉTRICOS EM GERAL, PARA MANUTENÇÃO E REPAROS DA REDE DE ILUMINAÇÃO E PRÉDIOS PÚBLICOS DO PODER EXECUTIVO E DEMAIS ÓRGÃ"
01345909000144_2026_113,GO,Buriti Alegre,MUNICIPIO DE BURITI ALEGRE,2026-06-12,Pregão - Eletrônico,iluminacao_publica,1,,783057.72,451800.0,0.423,continuado,False,False,https://pncp.gov.br/app/editais/01345909000144/2026/113,"Contratação de pessoa jurídica, para a prestação de serviços contínuos na manutenção do Parque de Iluminação Pública Automatizado. Os serviços constituem a execução de Manutenção preditiva, preventiva"
01345909000144_2026_96,GO,Buriti Alegre,MUNICIPIO DE BURITI ALEGRE,2026-04-23,Pregão - Eletrônico,eletrica_predial,0,fornecimento_puro,2484008.59,425741.49,0.2601,pontual,False,False,https://pncp.gov.br/app/editais/01345909000144/2026/96,"Contratação(ões) de pessoa(s) jurídica(s) para os fornecimentos de Materiais de Construção e Materiais Elétricos, destinados para atender as demandas das Secretarias e Departamentos da Prefeitura Muni"
01362680000156_2026_124,MT,Alto Taquari,MUNICIPIO DE ALTO TAQUARI,2026-08-31,Concorrência - Eletrônica,iluminacao_publica,1,,676089.48,330810.0,0.5107,indefinido,False,False,https://pncp.gov.br/app/editais/01362680000156/2026/124,"EXTENSÃO DE REDE DE DISTRIBUIÇÃO DE ENERGIA ELÉTRICA E ILUMINAÇÃO PÚBLICA NO LOTEAMENTO SÃO JOSÉ, MUNICÍPIO DE ALTO TAQUARI - MT."
01367853000129_2026_4,MT,Comodoro,MUNICIPIO DE COMODORO,2026-02-12,Pregão - Eletrônico,refrigeracao,0,fora_escopo,25982770.06,12652601.549999999,0.3484,pontual,False,False,https://pncp.gov.br/app/editais/01367853000129/2026/4,"[LICITANET] - REGISTRO DE PREÇO PARA FUTURA E EVENTUAL CONTRATAÇÃO DE PRESTAÇÃO DE SERVIÇO - CÓPIA DE CHAVE, SERVIÇOS GERAL DE CHAVES, FECHADURA, REFRIGERAÇÃO BÁSICA SENDO RETIRADA, LIMPEZA E REINSTAL"
01373497000156_2026_218,GO,Guapó,MUNICIPIO DE GUAPO,2026-07-10,Pregão - Eletrônico,eletrica_predial,0,fornecimento_puro,170016.67,148000.0,0.1295,pontual,False,False,https://pncp.gov.br/app/editais/01373497000156/2026/218,"AQUISIÇÃO E INSTALAÇÃO DE 01 (UM) GRUPO GERADOR DE ENERGIA ELÉTRICA, COM POTÊNCIA NOMINAL MÍNIMA DE 150 KVA, INCLUINDO TODOS OS MATERIAIS, ACESSÓRIOS, SERVIÇOS DE MONTAGEM, INSTALAÇÃO, TESTES OPERACIO"
01392733000181_2026_1,TO,Araguatins,ASSOCIACAO DE APOIO AO COLEGIO ESTADUAL OSVALDO FRANCO,2026-06-18,Pregão - Eletrônico,manutencao_predial,0,equipamento_alto,210091.75,11064.600000000002,0.595,pontual,True,False,https://pncp.gov.br/app/editais/01392733000181/2026/1,"Aquisição de material de limpeza expediente, pedagógico, serviços e materiais para manutenção predial diversos "
01409580000138_2023_639,GO,Goiânia,ESTADO DE GOIAS,2025-11-14,Pregão - Eletrônico,manutencao_predial,0,fornecimento_puro,2883837.43,864566.6,0.0582,continuado,False,False,https://pncp.gov.br/app/editais/01409580000138/2023/639,Aquisição de itens destinados à manutenção predial das Unidades Prisionais do Estado de Goiás
01409580000138_2025_11,GO,Goiânia,ESTADO DE GOIAS,2025-01-03,Pregão - Eletrônico,climatizacao,1,,6750000.0,4155000.0,0.3844,continuado,False,False,https://pncp.gov.br/app/editais/01409580000138/2025/11,"CONTRATAÇÃO DE EMPRESA PARA PRESTAÇÃO DE SERVIÇOS CONTINUADOS DE MANUTENÇÃO PREVENTIVA E CORRETIVA DOS SISTEMAS CENTRAIS DE ARCONDICIONADO COM CHILLERS A AR, FAN COILS, FANCOLETES, DUALFLUID, SPLITÃO"
01409580000138_2025_1608,GO,Goiânia,ESTADO DE GOIAS,2025-07-04,Pregão - Eletrônico,climatizacao,0,fornecimento_puro,76978.4,52779.13999999999,0.3144,pontual,True,False,https://pncp.gov.br/app/editais/01409580000138/2025/1608,Aquisição de eletrodomésticos e equipamentos de refrigeração.
01409580000138_2025_1690,GO,Goiânia,ESTADO DE GOIAS,2025-07-11,Pregão - Eletrônico,manutencao_predial,0,fornecimento_puro,339336.96,32274.699999999997,0.2473,continuado,False,False,https://pncp.gov.br/app/editais/01409580000138/2025/1690,Aquisição de Materiais Básicos para Pintura e Manutenção Predial da Goinfra
01409580000138_2025_1836,GO,Goiânia,ESTADO DE GOIAS,2025-07-24,Pregão - Eletrônico,eletrica_predial,0,mencao_passagem,5937525.22,4335000.0,0.2699,pontual,False,False,https://pncp.gov.br/app/editais/01409580000138/2025/1836,"Contratação de empresa especializada na prestação dos serviços de organização, planejamento, promoção e execução de eventos, com fornecimento de infraestrutura no que se refere à locação de equipament"
01409580000138_2025_1950,GO,Goiânia,ESTADO DE GOIAS,2025-08-07,Pregão - Eletrônico,climatizacao,0,equipamento_alto,737370.82,398120.30000000005,0.2669,continuado,False,False,https://pncp.gov.br/app/editais/01409580000138/2025/1950,"Fornecimento de Sistema de Refrigeração do tipo VRF (VRV),  incluindo o fornecimento  e instalação de equipamentos para climatização da Academia Espaço Saúde - Localizada no 11º andar, Ala Leste do Pa"
01409580000138_2025_1971,GO,Goiânia,ESTADO DE GOIAS,2025-08-08,Pregão - Eletrônico,eletrica_predial,1,,504910.59,424000.0,0.1602,indefinido,False,False,https://pncp.gov.br/app/editais/01409580000138/2025/1971,"Contratação de empresa especializada em engenharia civil para execução de serviços de reparação e manutenção da Delegacia Regional de Fiscalização, na Cidade de Goiás, compreendendo serviços compostos"
01409580000138_2025_2034,GO,Goiânia,ESTADO DE GOIAS,2025-08-13,Pregão - Eletrônico,manutencao_predial,0,fornecimento_puro,412298.72,256647.10000000003,0.1465,pontual,True,True,https://pncp.gov.br/app/editais/01409580000138/2025/2034,AQUISIÇÃO DE INSUMOS PARA MANUTENÇÃO PREDIAL
01409580000138_2025_2067,GO,Goiânia,ESTADO DE GOIAS,2025-08-18,Pregão - Eletrônico,climatizacao,0,equipamento_alto,257848.53,173330.0,0.3278,pontual,False,False,https://pncp.gov.br/app/editais/01409580000138/2025/2067,"Contratação de empresa para o fornecimento e instalação de aparelhos de ar condicionado e cortinas de ar, incluso a remoção e reinstalação de equipamentos antigos, bem como o fornecimento de todo o ma"
01409580000138_2025_2124,GO,Goiânia,ESTADO DE GOIAS,2025-08-22,Pregão - Eletrônico,climatizacao,1,,1436849.84,69432.0,0.8948,pontual,False,False,https://pncp.gov.br/app/editais/01409580000138/2025/2124,"Contratação de empresa para a prestação de serviços de manutenção preventiva e corretiva em equipamentos de ar-condicionado, refrigeradores, bebedouros e câmaras frias com reposição de peças novas e o"
01409580000138_2025_2200,GO,Goiânia,ESTADO DE GOIAS,2025-08-28,Pregão - Eletrônico,climatizacao,1,,1537512.12,1070904.0,0.2442,pontual,False,False,https://pncp.gov.br/app/editais/01409580000138/2025/2200,"Prestação de serviço de manutenção preventiva e/ou corretiva nos EQUIPAMENTOS DE CLIMATIZAÇÃO, tipo central,  compacto e Split, incluindo os reparos de todos os componentes que integram o Sistema de C"
01409580000138_2025_2288,GO,Santa Helena de Goiás,ESTADO DE GOIAS,2025-09-04,Concorrência - Eletrônica,eletrica_predial,0,obra_grande,1545095.63,1261000.0,0.1839,indefinido,False,False,https://pncp.gov.br/app/editais/01409580000138/2025/2288,"Reforma elétrica, Pintura, Reforma da cobertura, Reforma do piso, Instalação de novo reservatório de água, Reforma do depósito, Reforma da calçada, Adequações de acessibilidade, Reforma do muro, Refaz"
01409580000138_2025_2398,GO,Goiânia,ESTADO DE GOIAS,2025-09-15,Concorrência - Eletrônica,manutencao_predial,0,fora_escopo,34045813.32,27216291.6,0.2006,continuado,False,False,https://pncp.gov.br/app/editais/01409580000138/2025/2398,"Contratação de serviços especializados, por meio de empresa gerenciadora, para apoio técnico às atividades desempenhadas pela Diretoria de Controle Interno da Gestão (DCI), Assessoria do FUNDEINFRA, G"
01409580000138_2025_2809,GO,Goiânia,ESTADO DE GOIAS,2025-10-20,Pregão - Eletrônico,climatizacao,1,,1112388.1,270990.0,0.753,continuado,False,False,https://pncp.gov.br/app/editais/01409580000138/2025/2809,"Contratação de empresa especializada para prestação de serviços continuados, sem dedicação exclusiva, de assistência técnica e manutenção corretiva e preventiva, bem como eventuais instalações e remoç"
01409580000138_2025_2964,GO,Goiânia,ESTADO DE GOIAS,2025-11-04,Pregão - Eletrônico,climatizacao,1,,2191331.89,1444945.0,0.3406,pontual,False,False,https://pncp.gov.br/app/editais/01409580000138/2025/2964,"Contratação de empresa especializada na prestação de serviços de manutenção preventiva e/ou corretiva, em Equipamentos de Ar Condicionado, com fornecimento das peças, componentes e acessórios necessár"
01409580000138_2025_3114,GO,Goiânia,ESTADO DE GOIAS,2025-11-17,Pregão - Eletrônico,climatizacao,1,,60231.84,15000.0,0.2263,indefinido,True,False,https://pncp.gov.br/app/editais/01409580000138/2025/3114,"Manutenção preventiva, corretiva e preditiva nos equipamentos de ar condicionados da Sede da Retomada na Praça e no mais Empregos."
01409580000138_2025_3136,GO,Goiânia,ESTADO DE GOIAS,2025-11-18,Pregão - Eletrônico,manutencao_predial,0,fora_escopo,789756.95,671293.41,1.0,continuado,False,False,https://pncp.gov.br/app/editais/01409580000138/2025/3136,"Contratação de empresa para prestação de serviços de manutenção predial preventiva e corretiva, com fornecimento de materiais e mão de obra nas instalações da AGEHAB."
01409580000138_2025_3467,GO,Goiânia,ESTADO DE GOIAS,2026-03-02,Concorrência - Eletrônica,manutencao_predial,0,fora_escopo,409815.91,306999.99,0.2509,pontual,False,False,https://pncp.gov.br/app/editais/01409580000138/2025/3467,Contratação de empresa especializada em obras e serviços técnicos de engenharia para as ações de manutenção predial do Laboratório e Seção de Projetos do Hospital da Polícia Militar do Estado de Goiás
01409580000138_2025_3502,GO,Goiânia,ESTADO DE GOIAS,2026-03-30,Pregão - Eletrônico,eletrica_predial,0,fornecimento_puro,4477783.32,40721.16,0.7558,pontual,False,False,https://pncp.gov.br/app/editais/01409580000138/2025/3502,"Contratação de empresa para fornecimento de material de manutenção corretiva e preventiva, (materiais de construção em geral, material de pintura, material elétrico, material hidráulico, ferramentas, "
01409580000138_2025_3537,GO,Goiânia,ESTADO DE GOIAS,2026-05-12,Concorrência - Eletrônica,manutencao_predial,0,fora_escopo,652032.72,527800.0,0.1905,pontual,False,False,https://pncp.gov.br/app/editais/01409580000138/2025/3537,Contratação de empresa especializada em obras e serviços técnicos de engenharia para as ações de manutenção predial da Junta Central de Saúde (JCS) do Hospital da Polícia Militar do Estado de Goiás (H
01409580000138_2025_924,GO,Goiânia,ESTADO DE GOIAS,2025-04-28,Pregão - Eletrônico,climatizacao,0,fornecimento_puro,13819.8,13685.6,0.0097,indefinido,True,False,https://pncp.gov.br/app/editais/01409580000138/2025/924,Aquisições de 04 aparelhos de Ar Condicionados com Serviços de Instalação com garantia de 12 meses. Finalidade: 02 (duas) unidades para Salas Administrativas na Garagem da Rua 02 Centro de Goiânia e 0
01409580000138_2026_387,GO,Goiânia,ESTADO DE GOIAS,2026-03-10,Pregão - Eletrônico,manutencao_predial,1,,37208853.22,31086463.08,0.1645,pontual,False,False,https://pncp.gov.br/app/editais/01409580000138/2026/387,"Contratação de serviços de manutenção predial, incluindo manutenções preventivas, corretivas, programadas e emergenciais, adaptações, serviços comuns de engenharia e serviços de jardinagem e paisagism"
01409580000138_2026_764,GO,Goiânia,ESTADO DE GOIAS,2026-05-18,Pregão - Eletrônico,eletrica_predial,0,equipamento_alto,234000.0,155760.0,0.3344,continuado,False,False,https://pncp.gov.br/app/editais/01409580000138/2026/764,"Contratação de empresa especializada para locação, instalação e manutenção de grupo gerador para atender o prédio locado que sediará a Superintendência de Tecnologia da Informação – STI"
01409580000138_2026_922,GO,Goiânia,ESTADO DE GOIAS,2026-06-11,Pregão - Eletrônico,climatizacao,0,fornecimento_puro,1398433.9,1390000.0,0.006,continuado,False,False,https://pncp.gov.br/app/editais/01409580000138/2026/922,"Fornecimento e a instalação de ambiente modular, pré-fabricado (off site), incluindo a execução das instalações elétricas, lógicas, hidrossanitárias, de Circuito Fechado de Televisão (CFTV), Sistema d"
01465988000127_2025_382,GO,Mineiros,FUNDACAO INTEGRADA MUNICIPAL DE ENSINO SUPERIOR,2025-05-06,Pregão - Eletrônico,manutencao_predial,0,fornecimento_puro,474439.94,80894.0,0.3862,pontual,True,False,https://pncp.gov.br/app/editais/01465988000127/2025/382,"FORMAÇÃO DE ATA DE REGISTRO DE PREÇOS PARA  AQUISIÇÃO DE MATERIAIS PARA MANUTENÇÃO PREDIAL, ATENDENDO ÀS NECESSIDADES DA FUNDAÇÃO INTEGRADA MUNICIPAL DE ENSINO SUPERIOR - UNIFIMES"
01465988000127_2025_412,GO,Mineiros,FUNDACAO INTEGRADA MUNICIPAL DE ENSINO SUPERIOR,2025-06-06,Pregão - Eletrônico,manutencao_predial,0,equipamento_alto,474439.94,80894.0,0.3862,pontual,False,False,https://pncp.gov.br/app/editais/01465988000127/2025/412,"FORMAÇÃO DE ATA DE REGISTRO DE PREÇOS PARA  AQUISIÇÃO DE MATERIAIS PARA MANUTENÇÃO PREDIAL, ATENDENDO ÀS NECESSIDADES DA FUNDAÇÃO INTEGRADA MUNICIPAL DE ENSINO SUPERIOR - UNIFIMES"
01465988000127_2026_128,GO,Mineiros,FUNDACAO INTEGRADA MUNICIPAL DE ENSINO SUPERIOR,2026-03-20,Pregão - Eletrônico,eletrica_predial,0,fornecimento_puro,457442.31,65491.2,0.5594,pontual,True,False,https://pncp.gov.br/app/editais/01465988000127/2026/128,"AQUISIÇÃO DE MATERIAIS PARA MANUTENÇÃO ELÉTRICA, ATENDENDO AS NECESSIDADES DA FUNDAÇÃO INTEGRADA MUNICIPAL DE ENSINO SUPERIOR - FIMES."
01465988000127_2026_34,GO,Mineiros,FUNDACAO INTEGRADA MUNICIPAL DE ENSINO SUPERIOR,2026-01-28,Pregão - Eletrônico,manutencao_predial,0,fora_escopo,114458.12,85843.59,0.25,pontual,False,False,https://pncp.gov.br/app/editais/01465988000127/2026/34,"CONTRATAÇÃO DE ESPECIALIZADA PARA A EXECUÇÃO DE SERVIÇOS DE PINTURA PREDIAL EM BLOCOS DA INSTITUIÇÃO E EM CALÇADAS, COMPREENDENDO FORNECIMENTO DE MÃO DE OBRA, MATERIAIS, FERRAMENTAS E EQUIPAMENTOS NEC"
01485531000184_2025_70,GO,Ouro Verde de Goiás,MUNICIPIO DE OURO VERDE DE GOIAS,2025-09-25,Pregão - Presencial,climatizacao,1,,466666.6,70000.0,0.85,indefinido,False,False,https://pncp.gov.br/app/editais/01485531000184/2025/70,"CONTRATAÇÃO DE PESSOA JURÍDICA PARA PRESTAÇÃO DE SERVIÇOS ESPECIALIZADOS PARA MANUTENÇÃO PREVENTIVA E CORRETIVA, INSTALAÇÃO E DESINSTALAÇÃO DE SISTEMAS DE AR CONDICIONADO NAS SECRETARIAS E ÓRGÃOS DO M"
01485531000184_2026_29,GO,Ouro Verde de Goiás,MUNICIPIO DE OURO VERDE DE GOIAS,2026-04-17,Pregão - Presencial,eletrica_predial,0,fora_escopo,1288670.63,991872.0835999999,0.0746,indefinido,False,False,https://pncp.gov.br/app/editais/01485531000184/2026/29,"CONTRATAÇÃO DE EMPRESA(S) ESPECIALIZADA(S) PARA PRESTAÇÃO DE SERVIÇOS DE MANUTENÇÃO PREVENTIVA E CORRETIVA DA FROTA MUNICIPAL, INCLUINDO SERVIÇOS DE BORRACHARIA, PNEUS, ALINHAMENTO, LAVAGEM, LUBRIFICA"
01485531000184_2026_42,GO,Ouro Verde de Goiás,MUNICIPIO DE OURO VERDE DE GOIAS,2026-08-11,Pregão - Presencial,iluminacao_publica,0,mencao_passagem,793689.99,775000.0,0.0235,pontual,False,False,https://pncp.gov.br/app/editais/01485531000184/2026/42,"REGISTRO DE PREÇO PARA FUTURA E EVENTUAL CONTRATAÇÃO DE SERVIÇOS DE LOCAÇÃO, MONTAGEM E DESMONTAGEM DE ESTRUTURA DE EVENTOS (PALCO, SOM, ILUMINAÇÃO, GERADOR DE ENERGIA, TENDAS, ENTRE OUTROS) DESTINADO"
01493998000176_2026_123,GO,Campos Verdes,MUNICIPIO DE CAMPOS VERDES,2026-04-07,Pregão - Presencial,eletrica_predial,0,mencao_passagem,545002.0,543595.0,0.0026,pontual,False,False,https://pncp.gov.br/app/editais/01493998000176/2026/123,"REGISTRO DE PREÇOS DE HORAS DE PRESTAÇÃO DE SERVIÇOS DE MANUTENÇAO OPERACIONAL, PREVENTIVA E CORRETIVA DE SERVIÇOS MECANICOS, SERVIÇOS ELETRICOS, NOS VEÍCULOS E MÁQUINAS PERTENCENTES À FROTA MUNICIPAL"
01493998000176_2026_188,GO,Campos Verdes,MUNICIPIO DE CAMPOS VERDES,2026-05-28,Concorrência - Presencial,iluminacao_publica,0,equipamento_alto,1492744.08,1480000.0,0.0085,indefinido,False,False,https://pncp.gov.br/app/editais/01493998000176/2026/188,"CONTRATACAO DE EMPRESA PARA EXECUCAO DE OBRA EM FORMA DE EMPREITADA GLOBAL PARA EXECUÇÃO DE SERVIÇOS DE INSTALAÇÃO, RETIRADA E SUBSTITUIÇÃO DE LUMINARIAS PUBLICAS PARA A MELHORIA / EFICIENTIZAÇÃO / MO"
01494665000161_2025_102,GO,Goiatuba,FUNDACAO DE ENSINO SUPERIOR DE GOIATUBA,2025-09-01,Pregão - Eletrônico,eletrica_predial,0,fornecimento_puro,1917530.58,139441.0,0.8411,pontual,False,True,https://pncp.gov.br/app/editais/01494665000161/2025/102,O VALOR QUE SE EMPENHA É PROVENIENTE DE DESPESAS DA FUTURA E EVENTUAL AQUISIÇÃO DE MATERIAL ELÉTRICO DESTINADA À MANUTENÇÃO PREVENTIVA E CORRETIVA DOS PRÉDIOS DA FESG/UNICERRADO ? PARTE 2
01505643000150_2025_216,GO,Catalão,MUNICIPIO DE CATALAO,2026-02-10,Pregão - Eletrônico,climatizacao,1,,2763932.74,1446347.6400000004,0.35,pontual,False,False,https://pncp.gov.br/app/editais/01505643000150/2025/216,"Contratação de serviços sem dedicação exclusiva de mão de obra de manutenção preventiva e corretiva, incluindo instalação, desinstalação, remanejamento e fornecimento de peças de reposição e produtos/"
01541283000141_2026_21,GO,Goiânia,INDUSTRIA QUIMICA DO ESTADO DE GOIAS S A IQUEGO,2026-07-27,Pregão - Eletrônico,manutencao_predial,0,fora_escopo,224905.41,136000.0,0.3953,pontual,False,False,https://pncp.gov.br/app/editais/01541283000141/2026/21,"Contratação de empresa especializada para execução de serviços de reforma, adequação, manutenção predial e afins, destinados à regularização de não conformidades sanitárias apontadas em fiscalização d"
01541283000141_2026_22,GO,Goiânia,INDUSTRIA QUIMICA DO ESTADO DE GOIAS S A IQUEGO,2026-08-13,Pregão - Eletrônico,eletrica_predial,1,,42659.48,21384.0,0.4987,pontual,True,False,https://pncp.gov.br/app/editais/01541283000141/2026/22,"Contratação de empresa especializada para realizar a manutenção preventiva e preditiva dos grupos geradores de energia HIMOINSA e HEIMER, com fornecimento de materiais, peças e mão de obra especializa"
01561372000150_2026_2,MS,Santa Rita do Pardo,MUNICIPIO DE SANTA RITA DO PARDO,2026-01-26,Concorrência - Eletrônica,munck,1,,200585.37,190554.53,0.05,pontual,False,False,https://pncp.gov.br/app/editais/01561372000150/2026/2,Contratação de Empresa especializada para executar a Obra de Implantação de Postes Ornamentais e Luminárias Solar de Led 100w com fornecimento de material e mão de obra no Paço Municipal no Município 
01567601000143_2024_326,GO,Goiânia,UNIVERSIDADE FEDERAL DE GOIAS,2024-12-30,Pregão - Eletrônico,refrigeracao,0,fornecimento_puro,728566.11,300981.8,0.1348,pontual,False,True,https://pncp.gov.br/app/editais/01567601000143/2024/326,"Registro de preços para aquisição de gases, óleos, colas e tintas, trinchas, solventes para o uso exclusivo na  manutenção de equipamentos gerais e equipamentos de refrigeração, tais como compressor, "
01612551000179_2026_26,MG,Campo Azul,MUNICIPIO DE CAMPO AZUL,2026-07-06,Pregão - Eletrônico,refrigeracao,1,,498733.32,221500.0,0.5559,pontual,False,False,https://pncp.gov.br/app/editais/01612551000179/2026/26,"CONTRATAÇÃO DE EMPRESA ESPECIALIZADA PARA INSTALAÇÃO, FORNECIMENTO DE PEÇAS DE REPOSIÇÃO EPRESTAÇÃO DE SERVIÇOS DE MANUTENÇÃO PREVENTIVA E CORRETIVA, COM FORNECIMENTO DE MÃO DE OBRA ESPECIALIZADA, EM "
01612817000183_2025_830,GO,Vila Propício,MUNICIPIO DE VILA PROPICIO,2025-10-20,Concorrência - Eletrônica,munck,1,,140520.31,66044.5457,0.53,pontual,False,False,https://pncp.gov.br/app/editais/01612817000183/2025/830,CONTRATAÇÃO DE PESSOA JURÍDICA PARA EXECUÇÃO DE OBRA DE IMPLATAÇÃO DE SISTEMA DE ILUMINAÇÃO PÚBLICA NA AV. LUIZ CAIADO DE GODOY E SUBSTITUIÇÃO DOS POSTES NO CANTEIRO CENTRAL DA ENTRADA DA CIDADE DE VI
01613940000119_2025_149,GO,Abadia de Goiás,MUNICIPIO DE ABADIA DE GOIAS,2025-08-28,Pregão - Eletrônico,iluminacao_publica,0,fornecimento_puro,1168266.56,587330.56,0.4973,pontual,False,False,https://pncp.gov.br/app/editais/01613940000119/2025/149,"Contratação de empresa para fornecimento de materiais elétricos em geral para expansão, manutenção e reparos da rede de iluminação e prédios públicos do Poder Executivo e demais órgãos da administraçã"
01613940000119_2025_260,GO,Abadia de Goiás,MUNICIPIO DE ABADIA DE GOIAS,2025-09-10,Pregão - Eletrônico,iluminacao_publica,0,fornecimento_puro,1438117.34,886337.85,0.281,pontual,False,False,https://pncp.gov.br/app/editais/01613940000119/2025/260,Contratação de empresa para fornecimento de equipamentos e materiais elétricos em geral para manutenção e reparos da rede de iluminação e prédios públicos do Poder Executivo e demais órgãos da adminis
01613940000119_2025_281,GO,Abadia de Goiás,MUNICIPIO DE ABADIA DE GOIAS,2025-09-23,Pregão - Eletrônico,iluminacao_publica,0,fornecimento_puro,3132243.35,886337.85,0.281,pontual,False,True,https://pncp.gov.br/app/editais/01613940000119/2025/281,Contratação de empresa para fornecimento de equipamentos e materiais elétricos em geral para manutenção e reparos da rede de iluminação e prédios públicos do Poder Executivo e demais órgãos da adminis
01613940000119_2025_328,GO,Abadia de Goiás,MUNICIPIO DE ABADIA DE GOIAS,2025-11-18,Pregão - Eletrônico,eletrica_predial,0,fornecimento_puro,971281.45,196439.8,0.0507,pontual,False,True,https://pncp.gov.br/app/editais/01613940000119/2025/328,"Contratação de empresa especializada para o fornecimento de materiais de construção, hidráulicos, elétricos, ferragens e ferramentas em geral, destinados à execução de serviços de manutenção e reparos"
01613940000119_2025_366,GO,Abadia de Goiás,MUNICIPIO DE ABADIA DE GOIAS,2025-12-04,Pregão - Eletrônico,eletrica_predial,0,fornecimento_puro,971281.45,196439.8,0.0507,pontual,False,True,https://pncp.gov.br/app/editais/01613940000119/2025/366,"Contratação de empresa especializada para o fornecimento de materiais de construção, hidráulicos, elétricos, ferragens e ferramentas em geral, destinados à execução de serviços de manutenção e reparos"
01613940000119_2026_11,GO,Abadia de Goiás,MUNICIPIO DE ABADIA DE GOIAS,2026-02-10,Pregão - Eletrônico,eletrica_predial,0,mencao_passagem,509871.24,304800.0,0.4022,continuado,False,False,https://pncp.gov.br/app/editais/01613940000119/2026/11,"Contratação de empresa especializada para a prestação de serviços de locação de veículos, incluindo motorista, destinados a compor o quadro logístico do Município de Abadia de Goiás/GO ."
01613940000119_2026_167,GO,Abadia de Goiás,MUNICIPIO DE ABADIA DE GOIAS,2026-05-25,Pregão - Eletrônico,eletrica_predial,0,fornecimento_puro,616674.59,51292.8,0.0545,pontual,False,True,https://pncp.gov.br/app/editais/01613940000119/2026/167,"Contratação de empresa especializada para o fornecimento de materiais de construção em geral, bem como ferramentas manuais e elétricas, destinados à execução de serviços de manutenção, conservação, re"
01613940000119_2026_169,GO,Abadia de Goiás,MUNICIPIO DE ABADIA DE GOIAS,2026-06-12,Pregão - Eletrônico,iluminacao_publica,0,fornecimento_puro,3414435.81,343122.7,0.362,pontual,False,False,https://pncp.gov.br/app/editais/01613940000119/2026/169,Contratação de empresa especializada para o fornecimento de equipamentos e materiais elétricos destinados à manutenção e aos reparos da rede de iluminação pública e dos prédios públicos pertencentes a
01613940000119_2026_45,GO,Abadia de Goiás,MUNICIPIO DE ABADIA DE GOIAS,2026-02-24,Pregão - Eletrônico,eletrica_predial,0,mencao_passagem,509871.24,304800.0,0.4022,continuado,False,False,https://pncp.gov.br/app/editais/01613940000119/2026/45,"Contratação de empresa especializada para a prestação de serviços de locação de veículos, incluindo motorista, destinados a compor o quadro logístico do Município de Abadia de Goiás/GO ."
01614225000109_2026_129,MT,Sapezal,MUNICIPIO DE SAPEZAL,2026-05-26,Pregão - Presencial,munck,1,,3150988.99,3016160.0,0.0006,continuado,False,False,https://pncp.gov.br/app/editais/01614225000109/2026/129,"FUTURA E EVENTUAL CONTRATAÇÃO DE EMPRESA ESPECIALIZADA EM PRESTAÇÃO DE SERVIÇO COM CAMINHÃO PIPA, ESCAVADEIRA HIDRAÚLICA, CAMINHÃO MUNCK E CAVALO MECÂNICO COM MOTORISTA E AJUDANTE, em atendimento as s"
01614225000109_2026_171,MT,Sapezal,MUNICIPIO DE SAPEZAL,2026-06-25,Pregão - Presencial,munck,1,,133002.0,118700.0,0.1075,pontual,False,False,https://pncp.gov.br/app/editais/01614225000109/2026/171,"FUTURA E EVENTUAL CONTRATAÇÃO DE EMPRESA ESPECIALIZADA EM PRESTAÇÃO EM SERVIÇO DE CAMINHÃO MUNCK, em atendimento as secretárias do município de Sapezal-MT."
01614225000109_2026_197,MT,Sapezal,MUNICIPIO DE SAPEZAL,2026-07-16,Pregão - Eletrônico,climatizacao,0,fornecimento_puro,1877850.3,1324744.94,0.2128,pontual,False,True,https://pncp.gov.br/app/editais/01614225000109/2026/197,"[LICITANET] - FUTURA E EVENTUAL AQUISIÇÃO DE AR-CONDICIONADO, CLIMATIZADOR E BEBEDOUROS, em atendimento as secretarias do município de Sapezal-MT, conforme especificações do Anexo I - Termo de Referên"
01614225000109_2026_201,MT,Sapezal,MUNICIPIO DE SAPEZAL,2026-07-20,Pregão - Eletrônico,climatizacao,0,fornecimento_puro,3257193.24,1324744.94,0.2023,pontual,False,False,https://pncp.gov.br/app/editais/01614225000109/2026/201,"FUTURA E EVENTUAL AQUISIÇÃO DE AR-CONDICIONADO, CLIMATIZADOR E BEBEDOUROS, em atendimento as secretarias do município de Sapezal-MT."
01614225000109_2026_225,MT,Sapezal,MUNICIPIO DE SAPEZAL,2026-08-07,Pregão - Eletrônico,iluminacao_publica,0,mencao_passagem,1777502.36,1192787.92,0.329,pontual,False,False,https://pncp.gov.br/app/editais/01614225000109/2026/225,"[LICITANET] - FUTURA E EVENTUAL CONTRATAÇÃO DE EMPRESA ESPECIALIZADA NA PRESTAÇÃO DE SERVIÇOS DE SONORIZAÇÃO E ILUMINAÇÃO, BEM COMO NA LOCAÇÃO DE ESTRUTURA DE PALCO, CAMARINS E DEMAIS ITENS NECESSÁRIO"
01614225000109_2026_228,MT,Sapezal,MUNICIPIO DE SAPEZAL,2026-08-11,Pregão - Eletrônico,iluminacao_publica,0,mencao_passagem,1777502.36,1192787.92,0.329,pontual,False,False,https://pncp.gov.br/app/editais/01614225000109/2026/228,"FUTURA E EVENTUAL CONTRATAÇÃO DE EMPRESA ESPECIALIZADA NA PRESTAÇÃO DE SERVIÇOS DE SONORIZAÇÃO E ILUMINAÇÃO, BEM COMO NA LOCAÇÃO DE ESTRUTURA DE PALCO, CAMARINS E DEMAIS ITENS NECESSÁRIOS PARA A REALI"
01614517000133_2026_68,MT,Novo Mundo,MUNICIPIO DE NOVO MUNDO,2026-09-18,Concorrência - Eletrônica,iluminacao_publica,1,,1123961.06,948623.13,0.156,pontual,False,False,https://pncp.gov.br/app/editais/01614517000133/2026/68,"CONTRATAÇÃO DE EMPRESA DE ENGENHARIA ESPECIALIZADA PARA EXECUÇÃO DE OBRA DE ILUMINAÇÃO PÚBLICA DA AVENIDA AYRTON SENNA, NO MUNICÍPIO DE NOVO MUNDO – MT, SOB O REGIME DE EMPREITADA POR PREÇO GLOBAL, CO"
01614862000177_2026_62,MG,Córrego Fundo,MUNICIPIO DE CORREGO FUNDO,2026-08-13,Pregão - Eletrônico,climatizacao,1,,82540.48,62563.0,0.242,continuado,True,False,https://pncp.gov.br/app/editais/01614862000177/2026/62,"[LICITANET] - Registro de preços para futura e eventual contratação de empresa especializada em prestação de serviços de instalação, manutenção preventiva e corretiva em equipamentos de ar condicionad"
01616520000196_2025_188,GO,Águas Lindas de Goiás,MUNICIPIO DE AGUAS LINDAS DE GOIAS,2025-10-29,Pregão - Eletrônico,eletrica_predial,0,equipamento_alto,2613711.23,1380402.8999999997,0.0532,pontual,False,False,https://pncp.gov.br/app/editais/01616520000196/2025/188,"CONTRATAÇÃO DE EMPRESA ESPECIALIZADA NO FORNECIMENTO DE MATERIAIS ELÉTRICOS DIVERSOS E SERVIÇOS EM REFERÊNCIA, A TÍTULO DE LOCAÇÃO, PARA SEREM UTILIZADOS NA ORNAMENTAÇÃO DO EVENTO ?NATAL LUZ 2025?, CO"
01619022000105_2026_8,GO,Goiás,CONSELHO REGIONAL DE ENGENHARIA E AGRONOMIA DE GOIAS,2026-02-13,Pregão - Eletrônico,manutencao_predial,0,fora_escopo,793547.17,604317.17,0.2385,continuado,False,False,https://pncp.gov.br/app/editais/01619022000105/2026/8,"Contratação de empresa especializada na prestação de serviços de limpeza, conservação, copeiragem e apoio à manutenção predial, com fornecimento integral de materiais, equipamentos e insumos, a serem "
01738772000198_2025_18,GO,Cavalcante,MUNICIPIO DE CAVALCANTE,2025-05-29,Pregão - Eletrônico,eletrica_predial,0,fornecimento_puro,1206206.03,354838.51,0.7058,pontual,False,False,https://pncp.gov.br/app/editais/01738772000198/2025/18,"AQUISIÇÃO DE MATERIAIS ELÉTRICOS E CONTRATAÇÃO DE MÃO DE OBRA, DESTINADOS À CONSERVAÇÃO, MANUTENÇÃO E MODERNIZAÇÃO DA ILUMINAÇÃO PÚBLICA DO MUNICÍPIO."
01738772000198_2025_87,GO,Cavalcante,MUNICIPIO DE CAVALCANTE,2025-10-23,Pregão - Eletrônico,iluminacao_publica,0,fornecimento_puro,1015989.5,478950.0,0.5286,pontual,False,False,https://pncp.gov.br/app/editais/01738772000198/2025/87,REGISTRO DE PREÇOS PARA EVENTUAL E PARCELADA AQUISIÇÃO DE MATERIAIS E EQUIPAMENTOS DE ILUMINAÇÃO PÚBLICA.
01738772000198_2026_154,GO,Cavalcante,MUNICIPIO DE CAVALCANTE,2026-08-10,Concorrência - Eletrônica,iluminacao_publica,0,mencao_passagem,555865.74,470000.0,0.1545,indefinido,False,False,https://pncp.gov.br/app/editais/01738772000198/2026/154,"EXECUÇÃO DE OBRAS DE REVITALIZAÇÃO DA PRAÇA DIOGO TELES, NO MUNICÍPIO DE CAVALCANTE/GO, CONTEMPLANDO SERVIÇOS DE DEMOLIÇÃO, PAVIMENTAÇÃO, ACESSIBILIDADE, ILUMINAÇÃO PÚBLICA, PAISAGISMO, IMPLANTAÇÃO MO"
01740422000166_2026_69,GO,Planaltina,MUNICIPIO DE PLANALTINA,2026-07-24,Pregão - Eletrônico,climatizacao,1,,1672329.0,1337865.32,0.2,pontual,False,False,https://pncp.gov.br/app/editais/01740422000166/2026/69,[Portal de Compras Públicas] - Contratação de empresa especializada em serviços de manutenção de ar-condicionado e refrigeradores
01740430000102_2026_71,GO,Cabeceiras,MUNICIPIO DE CABECEIRAS,2026-05-20,Pregão - Eletrônico,iluminacao_publica,0,fornecimento_puro,946930.67,276634.0,0.7079,pontual,False,False,https://pncp.gov.br/app/editais/01740430000102/2026/71,"REGISTRO DE PREÇO PARA AQUISIÇÃO FUTURA E PARCELADA DE MATERIAIS ELÉTRICOS, DESTINADOS A ILUMINAÇÃO PÚBLICA, MANUTENÇÃO E CONSERVAÇÃO DOS PRÉDIOS E LOGRADOUROS PÚBLICOS E CEMITÉRIO MUNICIPAL PARA USO "
01740463000152_2025_312,GO,Mambaí,MUNICIPIO DE MAMBAI,2025-12-21,Pregão - Presencial,iluminacao_publica,0,fornecimento_puro,826888.05,251973.7,0.0,pontual,False,False,https://pncp.gov.br/app/editais/01740463000152/2025/312,"ADESÃO de 50% (cinquenta por cento), da Ata de Registro de Preço: nº 023/2025, Processo Licitatório Nº: 42/2025, Processo Adm. Nº: 12818/2025, oriunda do pregão presencial nº 42/2025, firmado com a em"
01740463000152_2026_104,GO,Mambaí,MUNICIPIO DE MAMBAI,2026-04-16,Concorrência - Eletrônica,eletrica_predial,0,fora_escopo,649119.83,585000.0,0.0988,pontual,False,False,https://pncp.gov.br/app/editais/01740463000152/2026/104,"Contratação de empresa especializada para execução de obra de reforma do Ginásio de Esportes do Município de Mambaí-GO, contemplando serviços de demolição, execução de novo piso esportivo com acabamen"
01740463000152_2026_118,GO,Mambaí,MUNICIPIO DE MAMBAI,2026-04-23,Pregão - Presencial,refrigeracao,1,,329768.73,330968.75,-0.0036,indefinido,False,False,https://pncp.gov.br/app/editais/01740463000152/2026/118,"Contratação de empresa especializada para a prestação de serviços de manutenção preventiva e corretiva, bem como limpeza de aparelhos de ar-condicionado e bebedouros, incluindo instalação, substituiçã"
01740463000152_2026_169,GO,Mambaí,MUNICIPIO DE MAMBAI,2026-06-12,Concorrência - Eletrônica,iluminacao_publica,0,equipamento_alto,1440778.53,1430000.0,0.0075,pontual,False,False,https://pncp.gov.br/app/editais/01740463000152/2026/169,"Contratação de empresa especializada em engenharia elétrica para execução de obra de melhoria, eficientização e modernização da iluminação pública do Município de Mambaí – GO, compreendendo o fornecim"
01743335000162_2026_102,GO,Posse,MUNICIPIO DE POSSE,2026-05-27,Pregão - Eletrônico,climatizacao,0,fornecimento_puro,1914162.8,970774.45,0.4928,continuado,False,False,https://pncp.gov.br/app/editais/01743335000162/2026/102,"REGISTRO DE PREÇOS PARA FUTURA E EVENTUAL AQUISIÇÃO DE EQUIPAMENTOS DE CLIMATIZAÇÃO E VENTILAÇÃO, COMPREENDENDO CLIMATIZADORES EVAPORATIVOS, VENTILADORES E APARELHOS DE AR-CONDICIONADO TIPO SPLIT INVE"
01753722000180_2026_232,GO,Goiatuba,MUNICIPIO DE GOIATUBA,2026-05-11,Pregão - Eletrônico,iluminacao_publica,0,fornecimento_puro,3405545.5,616135.5,0.0,pontual,False,False,https://pncp.gov.br/app/editais/01753722000180/2026/232,"CONTRATAÇÃO DE EMPRESA PARA FUTURO E EVENTUAL FORNECIMENTO DE MATERIAIS ELÉTRICOS DESTINADOS À MANUTENÇÃO DA ILUMINAÇÃO PÚBLICA, ATENDENDO ÀS NECESSIDADES DA PREFEITURA MUNICIPAL DE GOIATUBA, CONFORME"
01763614000198_2025_155,GO,Campo Alegre de Goiás,MUNICIPIO DE CAMPO ALEGRE DE GOIAS,2025-12-22,Pregão - Eletrônico,eletrica_predial,0,equipamento_alto,4124206.0,3956477.5,0.0407,indefinido,False,False,https://pncp.gov.br/app/editais/01763614000198/2025/155,"CONTRATAÇÃO DE EMPRESA PARA PRESTAÇÃO DE SERVIÇOS DE LOCAÇÃO, INSTALAÇÃO, MANUTENÇÃO E RETIRADA DE TENDAS, DISCIPLINADOR, PALCO, TRIO ELÉTRICO, PAINEL DE LED, GERADOR DE ENERGIA, PLACAS DE FECHAMENTO,"
01787506000155_2025_107,GO,Caldas Novas,MUNICIPIO DE CALDAS NOVAS,2025-06-25,Pregão - Eletrônico,climatizacao,1,,163550.4,81795.0,0.4999,pontual,False,False,https://pncp.gov.br/app/editais/01787506000155/2025/107,REGISTRO DE PREÇO PARA FUTURA E EVENTUAL   CONTRATAÇÃO DE EMPRESA ESPECIALIZADA EM SERVIÇOS DE MANUTENÇÃO CORRETIVA E PREVENTIVA DOS APARELHOS DE AR CONDICIONADO ATENDER AS DEMANDAS DA SECRETARIA MUNI
01787506000155_2025_119,GO,Caldas Novas,MUNICIPIO DE CALDAS NOVAS,2025-07-11,Pregão - Eletrônico,climatizacao,1,,1407290.72,1049900.0,0.254,pontual,False,False,https://pncp.gov.br/app/editais/01787506000155/2025/119,REGISTRO DE PREÇO PARA FUTURA E EVENTUAL CONTRATAÇÃO DE EMPRESA ESPECIALIZADA NA PRESTAÇÃO DE SERVIÇOS DE MANUTENÇÃO PREVENTIVA E CORRETIVA DOS SISTEMAS CENTRAIS DE AR CONDICIONADO E CLIMATIZADORES NA
01787506000155_2026_103,GO,Caldas Novas,MUNICIPIO DE CALDAS NOVAS,2026-05-27,Pregão - Eletrônico,eletrica_predial,0,mencao_passagem,190429.78,11889.019999999999,0.0001,pontual,True,True,https://pncp.gov.br/app/editais/01787506000155/2026/103,"REGISTRO DE PREÇO PARA FUTURA E EVENTUAL AQUISIÇÃO DE MATERIAIS DE MANUTENÇÃO, COMPREENDENDO FERRAMENTAS, EQUIPAMENTOS E MATERIAIS DE REPARO, DESTINADOS À MANUTENÇÃO DA FROTA (VEÍCULOS), PREDIAL, ELÉT"
01788082000143_2026_22,GO,Edéia,MUNICIPIO DE EDEIA,2026-05-22,Pregão - Eletrônico,iluminacao_publica,0,fornecimento_puro,1252119.5,340716.5,0.7279,pontual,False,False,https://pncp.gov.br/app/editais/01788082000143/2026/22,"REGISTRO DE PREÇOS PARA FUTURA E EVENTUAL CONTRATAÇÃO DE EMPRESA ESPECIALIZADA PARA O FORNECIMENTO PARCELADO DE MATERIAIS ELÉTRICOS, DESTINADOS À MANUTENÇÃO PREVENTIVA E CORRETIVA DA ILUMINAÇÃO PÚBLIC"
01788082000143_2026_24,GO,Edéia,MUNICIPIO DE EDEIA,2026-06-01,Pregão - Presencial,eletrica_predial,0,mencao_passagem,409560.0,360000.0,0.121,continuado,False,False,https://pncp.gov.br/app/editais/01788082000143/2026/24,"CONTRATAÇÃO DE EMPRESA ESPECIALIZADA PARA FUTURA E EVENTUAL PRESTAÇÃO DE SERVIÇOS DE AUTO ELÉTRICA, DESTINADOS AO REPARO, MANUTENÇÃO PREVENTIVA E CORRETIVA DOS VEÍCULOS PERTENCENTES À FROTA DAS DIVERS"
01789551000149_2026_389,GO,Morrinhos,MUNICIPIO DE MORRINHOS,2026-06-11,Pregão - Eletrônico,iluminacao_publica,0,fornecimento_puro,3286554.76,643288.07,0.0906,pontual,False,False,https://pncp.gov.br/app/editais/01789551000149/2026/389,"CONTRATAÇÃO, POR MEIO DE ADESÃO À ATA DE REGISTRO DE PREÇOS, DE EMPRESA ESPECIALIZADA NO FORNECIMENTO DE MATERIAIS ELÉTRICOS DESTINADOS À ILUMINAÇÃO PÚBLICA, VISANDO ATENDER ÀS DEMANDAS DA ASSESSORIA "
01791276000106_2025_12,GO,Pontalina,MUNICIPIO DE PONTALINA,2025-01-31,Pregão - Presencial,climatizacao,1,,469881.0,164600.0,0.6497,pontual,False,False,https://pncp.gov.br/app/editais/01791276000106/2025/12,"REGISTRO DE PREÇOS PARA EVENTUAL E FUTURA CONTRATAÇÃO DE EMPRESA ESPECIALIZADA NA MANUTENÇÃO PREVENTIVA E REPARADORA DE APARELHOS DE AR CONDICIONADO, EM ATENDIMENTO ÀS NECESSIDADES DA PREFEITURA MUN. "
01791276000106_2026_62,GO,Pontalina,MUNICIPIO DE PONTALINA,2026-06-02,Pregão - Presencial,munck,1,,90740.04,90732.0,0.0001,continuado,False,False,https://pncp.gov.br/app/editais/01791276000106/2026/62,"Locação de caminhão com escada giratória e cesto aéreo para manutenção da rede de iluminação pública em atendimento das necessidades da Prefeitura de Pontalina, conforme condições, descrições, quantid"
01795483000120_2026_17,TO,Colinas do Tocantins,MUNICIPIO DE COLINAS DO TOCANTINS,2026-03-30,Pregão - Eletrônico,climatizacao,1,,379690.56,82868.0,0.5689,continuado,False,False,https://pncp.gov.br/app/editais/01795483000120/2026/17,"Contratação sob Registro de Preço na prestação de serviços continuados de manutenção preventiva e corretiva das instalações, sistemas, equipamentos e aparelhos de ar condicionado, incluindo o fornecim"
01799683000151_2025_582,GO,Mutunópolis,MUNICIPIO DE MUTUNOPOLIS,2025-11-14,Pregão - Eletrônico,iluminacao_publica,0,mencao_passagem,292481.93,249999.99,0.1452,pontual,False,False,https://pncp.gov.br/app/editais/01799683000151/2025/582,"Registro de Preços para contratação, sob demanda, de empresa especializada na prestação de serviços de locação de estruturas, sonorização, palco e iluminação para realização de evento cultural no Muni"
01799683000151_2026_143,GO,Mutunópolis,MUNICIPIO DE MUTUNOPOLIS,2026-04-07,Pregão - Eletrônico,iluminacao_publica,0,fornecimento_puro,402679.01,252400.0,0.3732,pontual,False,False,https://pncp.gov.br/app/editais/01799683000151/2026/143,"ATA DE REGISTRO DE PREÇO PARA AQUISIÇÃO DE LUMINÁRIAS PÚBLICAS E RELÊ PARA MANTER A MANUTENÇÃO E QUALIDADE DE ILUMINAÇÃO PÚBLICA, ATENDENDO AS NECESSIDADES DO MUNICÍPIO DE MUTUNÓPOLIS."
01800242000122_2026_16,TO,Alvorada,MUNICIPIO DE ALVORADA,2026-03-23,Pregão - Eletrônico,munck,1,,225107.0,224605.67,0.0022,pontual,False,False,https://pncp.gov.br/app/editais/01800242000122/2026/16,"[Portal de Compras Públicas] - REGISTRO DE PREÇOS PARA FUTURA, EVENTUAL E PARCELADA CONTRATAÇÃO DE EMPRESA PARA LOCAÇÃO DE CAMINHÃO MUNCK PARA ATENDER ÀS DEMANDAS DO MUNICÍPIO DE ALVORADA/TO."
01815216000178_2025_177,GO,Rio Verde,FESURV - UNIVERSIDADE DE RIO VERDE,2025-08-26,Pregão - Eletrônico,eletrica_predial,1,,836485.92,327931.0799999999,0.3914,continuado,False,False,https://pncp.gov.br/app/editais/01815216000178/2025/177,"REGISTRO DE PREÇOS PARA CONTRATAÇÃO DE EMPRESA ESPECIALIZADA NA PRESTAÇÃO DOS SERVIÇOS COMUNS CONTINUADOS DE MANUTENÇÃO PREVENTIVA, CORRETIVA, EMISSÃO DE LAUDOS E FORNECIMENTO DE PEÇAS DESTINADOS A GR"
01815216000178_2025_259,GO,Rio Verde,FESURV - UNIVERSIDADE DE RIO VERDE,2026-02-12,Pregão - Eletrônico,eletrica_predial,0,fornecimento_puro,506472.16,416000.0,0.1786,pontual,False,False,https://pncp.gov.br/app/editais/01815216000178/2025/259,"REGISTRO DE PREÇOS PARA FUTURA E EVENTUAL CONTRATAÇÃO DE EMPRESA ESPECIALIZADA PARA FORNECIMENTO E INSTALAÇÃO DE GERADORES PARA ATENDER A DEMANDA DO CENTRO DE NEGÓCIOS, ATENDENDO AS DEMANDAS DO DEPART"
01825413000178_2026_19,GO,Petrolina de Goiás,MUNICIPIO DE PETROLINA DE GOIAS,2026-02-02,Pregão - Eletrônico,iluminacao_publica,0,fornecimento_puro,980410.0,225328.1,0.0,pontual,False,False,https://pncp.gov.br/app/editais/01825413000178/2026/19,"ADESÃO DE ATA EM FAVOR DA SECRETARIA MUNICIPAL DE DESENVOLVIMENTO RURAL, MEIO AMBIENTE E INFRAESTRUTURA DE PETROLINA DE GOIÁS-GO, EM FAVOR DA EMPRESA BRASIL ILUMINAÇÃO E CONSTRUÇÃO LTDA PARA FUTURA E "
01875665000101_2026_1,MT,Aripuanã,ARIPUANA CAMARA MUNICIPAL,2026-02-02,Pregão - Eletrônico,climatizacao,1,,58805.4,57688.0,0.0038,pontual,False,True,https://pncp.gov.br/app/editais/01875665000101/2026/1,"contratação de empresa especializada para execução de serviços de instalação e manutenção (preventiva e corretiva) que irá atender todas as demandas ligadas as áreas de climatização e refrigeração, co"
02024933000144_2025_74,GO,Itapirapuã,MUNICIPIO DE ITAPIRAPUA,2025-03-17,Pregão - Presencial,munck,1,,132999.96,113880.0,0.1438,indefinido,False,False,https://pncp.gov.br/app/editais/02024933000144/2025/74,LOCAÇÃO DE CAMINHÃO EQUIPADO COM CESTO AÉREO
02056745000106_2025_251,GO,Paranaiguara,MUNICIPIO DE PARANAIGUARA,2025-09-08,Pregão - Eletrônico,eletrica_predial,0,fornecimento_puro,43776.67,20618.2436,0.529,pontual,False,False,https://pncp.gov.br/app/editais/02056745000106/2025/251,"[LICITANET] - Registro de Preços para a AQUISIÇÃO EVENTUAL, FUTURA E PARCELADA DE MATERIAL ELÉTRICO PARA A INFRAESTRUTURA ELÉTRICA DA ÁREA DE EVENTOS DO LOTEAMENTO DO LAGO DO MUNICÍPIO."
02056752000108_2026_97,GO,Maurilândia,MUNICIPIO DE MAURILANDIA,2026-07-28,Pregão - Eletrônico,iluminacao_publica,0,fornecimento_puro,1216273.5,231857.5,0.3174,pontual,False,True,https://pncp.gov.br/app/editais/02056752000108/2026/97,"Aquisição de materiais elétricos destinados à manutenção da iluminação pública de ruas, praças e avenidas do Município de Maurilândia."
02056778000148_2026_37,GO,São Simão,MUNICIPIO DE SAO SIMAO,2026-07-15,Pregão - Eletrônico,eletrica_predial,0,fornecimento_puro,232964.45,53035.94999999999,0.7723,continuado,False,False,https://pncp.gov.br/app/editais/02056778000148/2026/37,"AQUISIÇÃO DE MATERIAIS ELÉTRICOS, COM A FINALIDADE DE ATENDER ÀS NECESSIDADES DE MANUTENÇÃO DAS INSTALAÇÕES ELÉTRICAS DO COLÉGIO MUNICIPAL LEOPOLDO MOREIRA, ATENDENDO ÀS NECESSIDADES DA SECRETARIA DE "
02070589000120_2026_76,TO,Pedro Afonso,MUNICIPIO DE PEDRO AFONSO,2026-08-04,Pregão - Presencial,iluminacao_publica,0,fornecimento_puro,237931.0,164800.0,0.3074,pontual,False,False,https://pncp.gov.br/app/editais/02070589000120/2026/76,"SOLICITAÇÃO DE PROCESSO LICITATORIO PARA REGISTRO DE PRECO PARA FUTURA,EVENTUAL E PARCELADA AQUISIÇÃO DE LUMINARA DE LED PARA MANUTENÇÃO DA ILUMINAÇAO PUBLICA NA CIDADE"
02125227000199_2025_123,GO,Aragarças,MUNICIPIO DE ARAGARCAS,2025-11-13,Pregão - Eletrônico,eletrica_predial,0,fornecimento_puro,390242.66,355288.4,0.0896,pontual,False,False,https://pncp.gov.br/app/editais/02125227000199/2025/123,INTENSÃO A ADESÃO A ATA DE REGISTRO DE PREÇO PARA AQUISIÇÃO DE MATERIAIS ELETRICOS.
02204196000161_2025_314,GO,Itumbiara,MUNICIPIO DE ITUMBIARA,2025-05-23,Pregão - Eletrônico,climatizacao,0,fornecimento_puro,489931.15,321839.0,0.3431,pontual,False,False,https://pncp.gov.br/app/editais/02204196000161/2025/314,"PREGÃO ELETRONICO, TIPO MENOR PREÇO POR ITEM, PARA CONTRATAÇÃO DE EMPRESA ESPECIALIZADA PARA AQUISIÇÃO E INSTALAÇÃO DE APARELHOS DE AR CONDICIONADO SPLITS INVERTER, REFERENTE A EMENDA PARLAMENTAR DEPU"
02204196000161_2025_333,GO,Itumbiara,MUNICIPIO DE ITUMBIARA,2025-06-03,Pregão - Eletrônico,climatizacao,0,fornecimento_puro,288423.9,281162.0,0.0252,pontual,False,False,https://pncp.gov.br/app/editais/02204196000161/2025/333,"PREGÃO ELETRÔNICO, TIPO MENOR PREÇO, OBJETIVANDO A CONTRATAÇÃO DE EMPRESA ESPECIALIZADA EM FORNECIMENTO E INSTALAÇÃO DE APARELHOS DE AR CONDICIONADO 80.000 BTU'S PARA O TEATRO MARIA PIRES PERILLO."
02204196000161_2025_383,GO,Itumbiara,MUNICIPIO DE ITUMBIARA,2025-06-18,Pregão - Eletrônico,eletrica_predial,0,fornecimento_puro,155602.25,36047.04,0.3383,pontual,False,False,https://pncp.gov.br/app/editais/02204196000161/2025/383,"AQUISIÇÃO DE MATERIAIS HIDRÁULICOS, ELÉTRICOS E FERRAMENTAS PARA MANUTENÇÃO DE BENS IMÓVEIS, PARA MONTAGEM DE BARRACAS (STANDS) PARA ATENDER AO PROPÓSITO DA REALIZAÇÃO (19°) ARRAIÁ E (3°) ITUMBIARA PR"
02204196000161_2025_747,GO,Itumbiara,MUNICIPIO DE ITUMBIARA,2025-11-13,Pregão - Eletrônico,iluminacao_publica,0,fornecimento_puro,2855610.0,1777240.0,0.3776,pontual,False,False,https://pncp.gov.br/app/editais/02204196000161/2025/747,REGISTRO DE PREÇOS PARA FUTURA E EVENTUAL AQUISIÇÃO MATERIAIS ELÉTRICO E ELETRÔNICO (LUMINÁRIAS PÚBLICAS LED) PARA ATENDER AS NECESSIDADES DO FUNDIP – FUNDO MUNICIPAL DE ILUMINAÇÃO PÚBLICA
02204196000161_2026_312,GO,Itumbiara,MUNICIPIO DE ITUMBIARA,2026-07-01,Pregão - Eletrônico,climatizacao,0,fornecimento_puro,130881.64,106222.9,0.1884,pontual,False,False,https://pncp.gov.br/app/editais/02204196000161/2026/312,"CONTRATAÇÃO DE EMPRESA ESPECIALIZADA PARA O FORNECIMENTO E INSTALAÇÃO DE APARELHOS DE AR-CONDICIONADO TIPO SPLIT INVERTER, EM ATENDIMENTO À EMENDA PARLAMENTAR Nº 1340.9/2024, DE AUTORIA DO DEPUTADO ES"
02204196000161_2026_377,GO,Itumbiara,MUNICIPIO DE ITUMBIARA,2026-08-06,Pregão - Eletrônico,iluminacao_publica,0,fornecimento_puro,13711.12,13316.999999999998,0.0287,pontual,False,False,https://pncp.gov.br/app/editais/02204196000161/2026/377,"REGISTRO DE PREÇOS PARA FUTURA E EVENTUAL AQUISIÇÃO DE MATERIAIS DE CONSUMO DE USO OPERACIONAL, INCLUINDO FERRAMENTAS E INSUMOS AUXILIARES, DESTINADOS À MANUTENÇÃO E EXPANSÃO DO SISTEMA DE ILUMINAÇÃO "
02204196000161_2026_391,GO,Itumbiara,MUNICIPIO DE ITUMBIARA,2026-08-13,Pregão - Eletrônico,iluminacao_publica,0,fornecimento_puro,52451.29,32318.18,0.3838,pontual,False,False,https://pncp.gov.br/app/editais/02204196000161/2026/391,"REGISTRO DE PREÇOS PARA FUTURA E EVENTUAL AQUISIÇÃO DE FERRAMENTAS MANUAIS, INSTRUMENTOS DE MEDIÇÃO, EQUIPAMENTOS ISOLANTES, EQUIPAMENTOS DE ACESSO E ACESSÓRIOS OPERACIONAIS, DESTINADOS À EXECUÇÃO DAS"
02215895000107_2025_103,GO,Niquelândia,MUNICIPIO DE NIQUELANDIA,2025-11-11,Pregão - Eletrônico,iluminacao_publica,0,fornecimento_puro,968123.71,287531.1,0.2749,pontual,False,False,https://pncp.gov.br/app/editais/02215895000107/2025/103,"A PRESENTE CONTRATAÇÃO VISA À AQUISIÇÃO DE MATERIAIS ELÉTRICOS DESTINADOS À MANUTENÇÃO, AMPLIAÇÃO E MODERNIZAÇÃO DA ILUMINAÇÃO PÚBLICA NO MUNICÍPIO DE NIQUELÂNDIA/GO. A NECESSIDADE DECORRE DA CRESCENT"
02218683000183_2025_223,GO,Acreúna,MUNICIPIO DE ACREUNA,2025-07-17,Pregão - Eletrônico,eletrica_predial,0,fornecimento_puro,628283.35,180964.75,0.3732,pontual,False,False,https://pncp.gov.br/app/editais/02218683000183/2025/223,"REGISTRO DE PREÇO PARA CONTRATAÇÃO DE EMPRESA ESPECIALIZADA NO FORNECIMENTO DE MATERIAL PARA MANUTENÇÃO DE BENS IMÓVEIS E MATERIAL ELÉTRICO E ELETRÔNICO, PARA REPAROS NAS DEPENDÊNCIAS DA SECRETARIA DE"
02218683000183_2025_278,GO,Acreúna,MUNICIPIO DE ACREUNA,2025-10-01,Pregão - Eletrônico,climatizacao,1,,2633768.17,2245000.0,0.1476,continuado,False,False,https://pncp.gov.br/app/editais/02218683000183/2025/278,"Registro de Preços, para contratação de empresa especializada em serviços continuados de Manutenção Preventiva, corretiva, incluindo peças, materiais e equipamentos necessários à manutenção e instalaç"
02218683000183_2025_317,GO,Acreúna,MUNICIPIO DE ACREUNA,2025-12-05,Pregão - Eletrônico,iluminacao_publica,0,mencao_passagem,163118.34,116399.0,0.2864,pontual,False,False,https://pncp.gov.br/app/editais/02218683000183/2025/317,"Registro de Preços, visando à contratação de empresa especializada no fornecimento de equipamentos hospitalares, especificamente mesa cirúrgica com sistema de acionamento eletro-hidráulico e foco cirú"
02218683000183_2025_345,GO,Acreúna,MUNICIPIO DE ACREUNA,2026-04-27,Pregão - Eletrônico,iluminacao_publica,0,mencao_passagem,0.0,116399.0,,pontual,False,False,https://pncp.gov.br/app/editais/02218683000183/2025/345,"CÓDIGO LICITAÇÃO: 1; REGISTRO DE PREÇOS, VISANDO À CONTRATAÇÃO DE EMPRESA  ESPECIALIZADA NO FORNECIMENTO DE EQUIPAMENTOS  HOSPITALARES, ESPECIFICAMENTE MESA CIRÚRGICA COM  SISTEMA DE ACIONAMENTO ELET"
02218683000183_2025_9,GO,Acreúna,MUNICIPIO DE ACREUNA,2025-01-08,Pregão - Eletrônico,climatizacao,1,,1367942.83,989999.99,0.2763,continuado,False,False,https://pncp.gov.br/app/editais/02218683000183/2025/9,Registro de Preços para contratação de empresa especializada em prestação dos serviços continuados na instalação de ar condicionado e aquisição de material permanente - novos aparelhos de ares condici
02218683000183_2026_12,GO,Acreúna,MUNICIPIO DE ACREUNA,2026-01-20,Pregão - Eletrônico,eletrica_predial,0,fornecimento_puro,2702934.54,317067.44,0.3462,pontual,False,True,https://pncp.gov.br/app/editais/02218683000183/2026/12,"Registro de Preço para contratação de empresa especializada no fornecimento de material para manutenção de bens imóveis e material elétrico e eletrônico, para reparos no Parque de Exposição e Lago Mun"
02218683000183_2026_154,GO,Acreúna,MUNICIPIO DE ACREUNA,2026-04-08,Pregão - Eletrônico,eletrica_predial,0,fornecimento_puro,1252333.33,1220000.0,0.0258,pontual,False,False,https://pncp.gov.br/app/editais/02218683000183/2026/154,"REGISTRO DE PREÇOS, VISANDO À CONTRATAÇÃO DE EMPRESA  ESPECIALIZADA NO FORNECIMENTO DE TOMÓGRAFO  COMPUTADORIZADO, INCLUINDO ENTREGA, INSTALAÇÃO, TESTES  OPERACIONAIS, CALIBRAÇÃO (QUANDO APLICÁVEL), A"
02218683000183_2026_155,GO,Acreúna,MUNICIPIO DE ACREUNA,2026-04-08,Pregão - Eletrônico,eletrica_predial,0,fornecimento_puro,1252333.33,1220000.0,0.0258,pontual,False,False,https://pncp.gov.br/app/editais/02218683000183/2026/155,"Registro de Preços, visando à contratação de empresa especializada no fornecimento de Tomógrafo Computadorizado, incluindo entrega, instalação, testes operacionais, calibração (quando aplicável), adeq"
02218683000183_2026_206,GO,Acreúna,MUNICIPIO DE ACREUNA,2026-04-29,Pregão - Eletrônico,climatizacao,1,,110115.0,59880.0,0.4562,pontual,False,False,https://pncp.gov.br/app/editais/02218683000183/2026/206,"Contratação de empresa especializada para prestação de serviços de diagnóstico funcional, manutenção preventiva e corretiva na central de ar condicionado do Centro Cirúrgico do Hospital Público Munici"
02218683000183_2026_227,GO,Acreúna,MUNICIPIO DE ACREUNA,2026-05-13,Pregão - Eletrônico,eletrica_predial,0,fornecimento_puro,335000.0,335000.0004,0.0,continuado,False,False,https://pncp.gov.br/app/editais/02218683000183/2026/227,"CONTRATAÇÃO DE EMPRESA ESPECIALIZADA PARA A PRESTAÇÃO DE SERVIÇOS DE MÃO DE OBRA TÉCNICA DESTINADOS À MANUTENÇÃO PREVENTIVA E CORRETIVA DE EQUIPAMENTOS MÉDICO-HOSPITALARES, LABORATORIAIS E DE FISIOTER"
02218683000183_2026_263,GO,Acreúna,MUNICIPIO DE ACREUNA,2026-05-29,Pregão - Eletrônico,climatizacao,1,,110115.0,59880.0,0.4562,pontual,False,False,https://pncp.gov.br/app/editais/02218683000183/2026/263,"CONTRATAÇÃO DE EMPRESA ESPECIALIZADA PARA PRESTAÇÃO  DE SERVIÇOS DE DIAGNÓSTICO FUNCIONAL, MANUTENÇÃO  PREVENTIVA E CORRETIVA NA CENTRAL DE AR CONDICIONADO DO  CENTRO CIRÚRGICO DO HOSPITAL PÚBLICO MUN"
02218683000183_2026_43,GO,Acreúna,MUNICIPIO DE ACREUNA,2026-03-02,Pregão - Eletrônico,eletrica_predial,0,fora_escopo,607959.96,335000.0,0.449,indefinido,False,False,https://pncp.gov.br/app/editais/02218683000183/2026/43,"Contratação de empresa especializada para a prestação de serviços de mão de obra técnica destinados à manutenção preventiva e corretiva de equipamentos médico-hospitalares, laboratoriais e de fisioter"
02218683000183_2026_51,GO,Acreúna,MUNICIPIO DE ACREUNA,2026-03-03,Pregão - Eletrônico,eletrica_predial,0,fornecimento_puro,291662.7,49482.0,0.1229,pontual,False,False,https://pncp.gov.br/app/editais/02218683000183/2026/51,REGISTRO DE PREÇOS PARA FUTURA E EVENTUAL CONTRATAÇÃO DE EMPRESA ESPECIALIZADA NO FORNECIMENTO DE MATERIAL PARA MANUTENÇÃO DE BENS IMÓVEIS E MATERIAL ELÉTRICO E ELETRÔNICO PARA REPAROS NAS DEPENDÊNCIA
02218683000183_2026_52,GO,Acreúna,MUNICIPIO DE ACREUNA,2026-03-03,Pregão - Eletrônico,eletrica_predial,0,fornecimento_puro,291662.7,49482.0,0.1229,pontual,False,False,https://pncp.gov.br/app/editais/02218683000183/2026/52,REGISTRO DE PREÇOS para futura e eventual CONTRATAÇÃO DE EMPRESA ESPECIALIZADA NO FORNECIMENTO DE MATERIAL PARA MANUTENÇÃO DE BENS IMÓVEIS E MATERIAL ELÉTRICO E ELETRÔNICO para reparos nas dependência
02262368000153_2025_142,GO,Anicuns,MUNICIPIO DE ANICUNS,2025-12-15,Pregão - Eletrônico,climatizacao,0,fornecimento_puro,1913734.39,1428257.4900000002,0.2537,pontual,False,False,https://pncp.gov.br/app/editais/02262368000153/2025/142,"SOLICITAÇÃO PARA EVENTUAL FUTURA E PARCELADA AQUISIÇÃO DE AR CONDICIONADO, CORTINA DE AR, ABAFADOR DE FOGO, DENTRE OUTROS ITENS."
02262368000153_2025_79,GO,Anicuns,MUNICIPIO DE ANICUNS,2025-09-04,Pregão - Eletrônico,climatizacao,1,,1118844.94,547277.35,0.4382,indefinido,False,False,https://pncp.gov.br/app/editais/02262368000153/2025/79,SOLICITAÇÃO PARA CONTRATAÇÃO DE EMPRESA ESPECIALIZADA EM MANUTENÇÃO PREVENTIVA E CORRETIVA DE AR CONDICIONADO.
02267698000131_2026_25,GO,Mossâmedes,MUNICIPIO DE MOSSAMEDES,2026-06-16,Pregão - Eletrônico,eletrica_predial,0,fornecimento_puro,5249315.18,353250.8,0.6614,pontual,False,False,https://pncp.gov.br/app/editais/02267698000131/2026/25,"Registro de preços para contratação de empresa especializada no fornecimento de materiais elétricos e materiais natalinos para atender as demandas do município de Mossâmedes, conforme especificações c"
02291730000114_2025_123,GO,Goiânia,GOIAS TRIBUNAL DE CONTAS,2025-10-29,Pregão - Eletrônico,iluminacao_publica,0,mencao_passagem,149900.0,125400.0,0.1634,pontual,False,False,https://pncp.gov.br/app/editais/02291730000114/2025/123,"Prestação de serviço de locação de decoração e iluminação de natal, com fornecimento de todo o material necessários, transporte, instalação, montagem, desmontagem e manutenção durante todo o período n"
02291730000114_2025_70,GO,Goiânia,GOIAS TRIBUNAL DE CONTAS,2025-06-10,Pregão - Eletrônico,refrigeracao,0,fornecimento_puro,755065.18,623621.0599999999,0.1741,pontual,True,False,https://pncp.gov.br/app/editais/02291730000114/2025/70,"Contratação de empresa especializada no fornecimento de 198 (cento e noventa e oito) tipos de componentes distintos correlatos à construção civil, elétricos, acústica, hidro-sanitários, eletrônica, ca"
02295772000123_2026_133,GO,Goiás,MUNICIPIO DE GOIAS,2026-02-25,Pregão - Eletrônico,iluminacao_publica,0,equipamento_alto,1066227.64,447227.0,0.5806,pontual,False,False,https://pncp.gov.br/app/editais/02295772000123/2026/133,"CONTRATAÇÃO DE EMPRESA PARA AQUISIÇÃO DE LUMINÁRIAS DE LED, DESTINADAS À MODERNIZAÇÃO, AMPLIAÇÃO E MELHORIA DO SISTEMA DE ILUMINAÇÃO PÚBLICA DESTE MUNICÍPIO DE GOIÁS."
02296325000199_2026_6,GO,Britânia,MUNICIPIO DE BRITANIA,2026-01-19,Pregão - Presencial,climatizacao,1,,181144.0,162989.56999999998,0.1002,pontual,False,False,https://pncp.gov.br/app/editais/02296325000199/2026/6,"REGISTRO DE PREÇOS, TIPO MENOR PREÇO POR ITEM, VISANDO A CONTRATAÇÃO DE EMPRESA ESPECIALIZADA NA PRESTAÇÃO DE SERVIÇO DE MANUTENÇÃO CORRETIVA E PREVENTIVA EM EQUIPAMENTOS DE AR-CONDICIONADO, CLIMATIZA"
02316487000141_2025_44,GO,Mineiros,SERVICO AUTONOMO DE AGUA E ESGOTO,2025-12-04,Pregão - Eletrônico,munck,1,,633100.0,590000.0,0.0681,pontual,False,False,https://pncp.gov.br/app/editais/02316487000141/2025/44,"CONTRATAÇÃO DE SERVIÇOS DE CAMINHÃO MUNCK, CONFORME AS NECESSIDADES DO SERVIÇO AUTÔNOMO DE ÁGUA E ESGOTO ? SAAE."
02316487000141_2025_51,GO,Mineiros,SERVICO AUTONOMO DE AGUA E ESGOTO,2026-04-22,Pregão - Eletrônico,eletrica_predial,0,equipamento_alto,1856256.17,831923.54,0.5321,pontual,False,False,https://pncp.gov.br/app/editais/02316487000141/2025/51,"REGISTRO DE PREÇOS PARA A AQUISIÇÃO DE MATERIAIS DE CONSTRUÇÃO, HIDRÁULICOS, ELÉTRICOS E FERRAMENTAS, UTENSÍLIOS, EQUIPAMENTOS DIVERSOS E MATERIAIS DE MANUTENÇÃO, PARA ATENDER AS NECESSIDADES DO SERVI"
02316487000141_2026_21,GO,Mineiros,SERVICO AUTONOMO DE AGUA E ESGOTO,2026-06-09,Pregão - Eletrônico,eletrica_predial,0,equipamento_alto,1540744.29,40154.3,0.4971,pontual,False,False,https://pncp.gov.br/app/editais/02316487000141/2026/21,"PROCESSO LICITATÓRIO PARA AQUISIÇÃO DE MATERIAIS ELÉTRICOS PARA ATENDER A DEMANDA DO SERVIÇO AUTÔNOMO DE ÁGUA E ESGOTO DO MUNICÍPIO DE MINEIROS - SAAE, PARA O EXERCÍCIO DE 2026."
02316537000190_2026_360,GO,Mineiros,MUNICIPIO DE MINEIROS,2026-08-21,Pregão - Eletrônico,eletrica_predial,0,fornecimento_puro,4565893.22,1332823.3599999999,0.5101,pontual,False,False,https://pncp.gov.br/app/editais/02316537000190/2026/360,"CONTRATAÇÃO DE EMPRESA ESPECIALIZADA PARA O REGISTRO DE PREÇO PARA AQUISIÇÃO FUTURA, EVENTUAL E PARCELADA DE MATERIAIS ELÉTRICOS PARA ATENDER ÀS DEMANDAS DE MANUTENÇÃO PARA O MUNICÍPIO DE MINEIROS ? G"
02320406000187_2025_87,GO,São Luís de Montes Belos,MUNICIPIO DE SAO LUIS DE MONTES BELOS,2025-11-06,Pregão - Eletrônico,iluminacao_publica,0,mencao_passagem,3016024.91,1498492.0000000002,0.1,indefinido,False,False,https://pncp.gov.br/app/editais/02320406000187/2025/87,"A CONTRATAÇÃO DE EMPRESAS PARA LOCAÇÃO, INSTALAÇÃO, MANUTENÇÃO E DESMONTAGEM DE MATERIAIS ELÉTRICOS E DECORAÇÕES DIVERSAS PARA SEREM UTILIZADOS NA ILUMINAÇÃO NATALINA."
02320406000187_2026_22,GO,São Luís de Montes Belos,MUNICIPIO DE SAO LUIS DE MONTES BELOS,2026-07-09,Pregão - Eletrônico,iluminacao_publica,0,fornecimento_puro,1840679.44,201394.40000000002,0.4811,pontual,False,False,https://pncp.gov.br/app/editais/02320406000187/2026/22,"REGISTRO DE PREÇOS PARA FUTURA E EVENTUAL AQUISIÇÃO DE MATERIAIS DIVERSOS A SEREM UTILIZADOS NA ILUMINAÇÃO PÚBLICA DO MUNICÍPIO E PRÉDIOS PÚBLICOS, EM ATENDIMENTO A SECRETARIA MUNICIPAL DE OBRAS, INFR"
02321891000103_2026_82,GO,Ivolândia,MUNICIPIO DE IVOLANDIA,2026-05-05,Pregão - Eletrônico,eletrica_predial,0,equipamento_alto,1233675.6,779415.6,0.0,indefinido,False,False,https://pncp.gov.br/app/editais/02321891000103/2026/82,"PROCESSO LICITATÓRIO PARA A ADESÃO DE ATA JUNTO AO MUNICÍPIO DE IVOLÂNDIA-GO, VISANDO ATENDER ÀS DEMANDAS DA SECRETARIA MUNICIPAL DE ADMINISTRAÇÃO, EM FAVOR DA EMPRESA LUZ LED GERADORES E ENTRETENIMEN"
02355675000189_2025_30,GO,Barro Alto,MUNICIPIO DE BARRO ALTO,2025-09-15,Pregão - Presencial,climatizacao,1,,1248603.34,886610.0,0.0942,indefinido,False,False,https://pncp.gov.br/app/editais/02355675000189/2025/30,CONTRATAÇÃO DE PESSOA JURÍDICA PARA PRESTAÇÃO DE SERVIÇOS DE MANUTENÇÃO CORRETIVA E PREVENTIVA EM APARELHOS DE AR CONDICIONADO.
02382067000163_2025_551,GO,Crixás,MUNICIPIO DE CRIXAS,2025-07-30,Pregão - Presencial,climatizacao,1,,291288.0,109221.6,0.5965,indefinido,False,True,https://pncp.gov.br/app/editais/02382067000163/2025/551,"REGISTRAR PREÇOS PARA SERVIÇOS DE INSTALAÇÃO, MANUTENÇÃO E HIGIENIZAÇÃO DE APARELHOS DE AR CONDICIONADO PARA ATENDER AS DEMANDAS DAS SECRETARIAS DO MUNICÍPIO DE CRIXÁS - GO, conforme quantidades e esp"
02382067000163_2026_336,GO,Crixás,MUNICIPIO DE CRIXAS,2026-08-11,Pregão - Presencial,climatizacao,1,,335115.1,176178.85,0.5292,pontual,False,True,https://pncp.gov.br/app/editais/02382067000163/2026/336,"REGISTRO DE PREÇO PARA PRESTAÇÃO DE SERVIÇOS DE INSTALAÇÃO, MANUTENÇÃO E HIGIENIZAÇÃO DE APARELHOS DE AR CONDICIONADO PARA ATENDER AS DEMANDAS DA SECRETARIA MUNICIPAL DE ADMINISTRAÇÃO, FUNDOS MUNICIPA"
02382836000123_2025_45,GO,Rubiataba,MUNICIPIO DE RUBIATABA,2025-05-05,Pregão - Eletrônico,climatizacao,0,fornecimento_puro,485382.95,297889.71,0.3863,pontual,False,False,https://pncp.gov.br/app/editais/02382836000123/2025/45,"SOLICITAÇÃO PARA FUTURA AQUISIÇÃO DE AR CONDICIONADO,  CORTINA DE AR E CLIMATIZADOR  NOVO   PARA ATENDER AS NECESSIDADES DO MUNICÍPIO DE RUBIATABA: SECRETARIA MUNICIPAL DE ADMINISTRAÇÃO, SECRETARIA JU"
02382836000123_2025_85,GO,Rubiataba,MUNICIPIO DE RUBIATABA,2025-06-23,Pregão - Eletrônico,eletrica_predial,0,fornecimento_puro,4049815.63,682627.64,0.416,pontual,False,True,https://pncp.gov.br/app/editais/02382836000123/2025/85,"SOLICITAÇÃO PARA FUTURA AQUISIÇÃO DE MATERIAIS ELETRICOS,  PARA ATENDER AS NECESSIDADES  DO MUNICÍPIO DE RUBIATABA, PRÉDIOS PÚBLICOS E DA ILUMINAÇÃO PUBLICA NESTE MUNICÍPIO."
02382836000123_2026_105,GO,Rubiataba,MUNICIPIO DE RUBIATABA,2026-07-01,Pregão - Eletrônico,climatizacao,1,,2874344.01,239369.95,0.8048,continuado,False,False,https://pncp.gov.br/app/editais/02382836000123/2026/105,"[Portal de Compras Públicas] - SOLICITAÇAO PARA CONTRATAÇÃO DE EMPRESA ESPECIALIZADA NA PRESTAÇÃO DE SERVIÇOS DE MANUTENÇÃO PREVENTIVA E CORRETIVA EM APARELHOS DE AR-CONDICIONADO, INCLUINDO SERVIÇOS D"
02382836000123_2026_106,GO,Rubiataba,MUNICIPIO DE RUBIATABA,2026-07-01,Pregão - Eletrônico,climatizacao,1,,2874352.51,239369.95,0.8048,continuado,False,False,https://pncp.gov.br/app/editais/02382836000123/2026/106,"SOLICITAÇAO PARA CONTRATAÇÃO DE EMPRESA ESPECIALIZADA NA PRESTAÇÃO DE SERVIÇOS DE MANUTENÇÃO PREVENTIVA E CORRETIVA EM APARELHOS DE AR-CONDICIONADO, INCLUINDO SERVIÇOS DE INSTALAÇÃO, DESINSTALAÇÃO, RE"
02394757000132_2025_181,GO,Palmeiras de Goiás,MUNICIPIO DE PALMEIRAS DE GOIAS,2025-07-28,Pregão - Eletrônico,eletrica_predial,0,fornecimento_puro,1722272.72,57902.26,0.5593,pontual,False,False,https://pncp.gov.br/app/editais/02394757000132/2025/181,AQUISIÇÃO DE MATERIAL ELETRICO
02394757000132_2025_237,GO,Palmeiras de Goiás,MUNICIPIO DE PALMEIRAS DE GOIAS,2025-10-07,Pregão - Eletrônico,climatizacao,1,,409242.85,199999.00000000006,0.5113,indefinido,False,False,https://pncp.gov.br/app/editais/02394757000132/2025/237,Contratação de empresa especializada em manutenção preventiva e corretiva de aparelhos de Ar Condicionado pelo período de 12 meses
02394757000132_2025_264,GO,Palmeiras de Goiás,MUNICIPIO DE PALMEIRAS DE GOIAS,2025-11-19,Pregão - Eletrônico,iluminacao_publica,0,mencao_passagem,5035777.0,3715149.4,-1.0424,indefinido,False,False,https://pncp.gov.br/app/editais/02394757000132/2025/264,"Contratação de empresa especializada para a prestação de serviços necessários para à realização dos eventos do Município. (PALCO, LED, ILUMINAÇÃO, SONORIZAÇÃO ENTRE OUTROS)"
02394765000189_2025_418,GO,Paraúna,MUNICIPIO DE PARAUNA,2025-08-06,Pregão - Presencial,eletrica_predial,0,fornecimento_puro,328659.45,150884.38,0.1204,pontual,False,False,https://pncp.gov.br/app/editais/02394765000189/2025/418,"ADESÃO À ATA DE REGISTRO DE PREÇOS N° 010/2025, REFERENTE AO PROCESSO N° 27129/2025, PREGÃO PRESENCIAL N° 006/2025, REALIZADO PELA PREFEITURA MUNICIPAL DE MATRINCHÃ, VISANDO À AQUISIÇÃO DE MATERIAIS E"
02395812000109_2026_48,GO,Formoso,MUNICIPIO DE FORMOSO,2026-06-16,Pregão - Presencial,iluminacao_publica,0,mencao_passagem,1981315.25,1858162.5,0.0594,pontual,False,False,https://pncp.gov.br/app/editais/02395812000109/2026/48,"REGISTRO DE PREÇOS PARA CONTRATAÇÃO, SOB DEMANDA, DE EMPRESA ESPECIALIZADA NA PRESTAÇÃO DE SERVIÇOS DE LOCAÇÃO DE ESTRUTURAS, SONORIZAÇÃO, PALCO E ILUMINAÇÃO PARA REALIZAÇÃO DE EVENTO NO MUNICÍPIO DE "
02395812000109_2026_62,GO,Formoso,MUNICIPIO DE FORMOSO,2026-07-27,Pregão - Presencial,iluminacao_publica,0,fornecimento_puro,1074808.85,192672.80000000005,0.0561,pontual,False,False,https://pncp.gov.br/app/editais/02395812000109/2026/62,"SOLICITAÇÃO DE ABERTURA DE PROCEDIMENTO PARA ADESÃO À ATA DE REGISTRO DE PREÇOS VISANDO A CONTRATAÇÃO DE EMPRESA PARA O EVENTUAL FORNECIMENTO DE MATERIAL ELÉTRICO E DE ILUMINAÇÃO PÚBLICA, OBJETIVANDO "
02396166000102_2025_1,TO,Peixe,MUNICIPIO DE PEIXE,2026-06-08,Concorrência - Eletrônica,munck,0,obra_grande,9055837.64,7102240.5,0.2157,indefinido,False,False,https://pncp.gov.br/app/editais/02396166000102/2025/1,"CONTRATAÇÃO DE EMPRESA ESPECIALIZADA EM ENGENHARIA PARA CONCLUSÃO DAS OBRAS DE INFRAESTRUTURA URBANA NO MUNICÍPIO DE PEIXE-TO, COMPREENDENDO A EXECUÇÃO DE 60.164,01 M² DE PAVIMENTAÇÃO ASFÁLTICA EM TSD"
02451938000153_2025_346,GO,Itaberaí,MUNICIPIO DE ITABERAI,2025-10-30,Concorrência - Eletrônica,eletrica_predial,1,,796669.59,749000.0,0.0598,indefinido,False,False,https://pncp.gov.br/app/editais/02451938000153/2025/346,Construção de cobertura para espaço de vivência e reforma de instalaçõees elétricas na Escola Padre Elígio
02451938000153_2025_70,GO,Itaberaí,MUNICIPIO DE ITABERAI,2025-02-18,Pregão - Eletrônico,climatizacao,1,,440520.0,124532.0,0.6597,indefinido,True,False,https://pncp.gov.br/app/editais/02451938000153/2025/70,"Contratação de empresa especializada em serviços de desinstalações, instalações, manutenções corretivas e preventivas em aparelhos condicionadores de ar.   "
02542538000153_2026_27,GO,Carmo do Rio Verde,MUNICIPIO DE CARMO DO RIO VERDE,2026-03-18,Pregão - Eletrônico,eletrica_predial,0,fora_escopo,170727.87,169000.0,0.0101,pontual,False,False,https://pncp.gov.br/app/editais/02542538000153/2026/27,"PROCEDIMENTO LICITATÓRIO PARA CONTRATAÇÃO DE EMPRESA ESPECIALIZADA PARA PRESTAÇÃO DE SERVIÇOS MECÂNICOS, ELÉTRICOS E CORRELATOS, COM FORNECIMENTO DE PEÇAS, DESTINADOS À MANUTENÇÃO CORRETIVA DA MOTONIV"
02756070000108_2025_15,GO,Anápolis,ANAPOLIS CAMARA MUNICIPAL DE ANAPOLIS,2025-03-10,Pregão - Eletrônico,climatizacao,1,,138316.62,41881.0,0.6972,continuado,False,False,https://pncp.gov.br/app/editais/02756070000108/2025/15,Contratação de pessoa jurídica especializada na prestação de serviços continuados de manutenção preventiva e corretiva de 100 (cem) ares condicionados instalados na sede da Câmara Municipal de Anápoli
03155926000144_2026_33,MS,Dourados,MUNICIPIO DE DOURADOS,2026-04-13,Pregão - Eletrônico,refrigeracao,1,,477830.32,384839.0,0.1946,indefinido,False,False,https://pncp.gov.br/app/editais/03155926000144/2026/33,"Serviços de manutenção preventiva e corretiva de equipamentos de refrigeração (geladeiras, freezers e bebedouros), visando atender as demandas da Secretaria Municipal de Saúde."
03155926000144_2026_43,MS,Dourados,MUNICIPIO DE DOURADOS,2026-04-29,Pregão - Eletrônico,climatizacao,0,fornecimento_puro,210817.34,138403.26,0.3393,pontual,True,False,https://pncp.gov.br/app/editais/03155926000144/2026/43,"Aquisição de equipamentos de refrigeração, mobiliário, materiais esportivos, recreativos, educativos e de copa e cozinha em geral, para atender escolas municipais, com recursos provenientes de transfe"
03184041000173_2025_118,MS,Três Lagoas,MUNICIPIO DE TRES LAGOAS,2025-09-19,Pregão - Eletrônico,manutencao_predial,0,fornecimento_puro,5.07,13.0,-1.5641,pontual,False,False,https://pncp.gov.br/app/editais/03184041000173/2025/118,"REGISTRO DE PREÇOS (SRP) - PARA CONTRATAÇÃO, SOB DEMANDA, DE SERVIÇOS COMUNS DE ENGENHARIA, PARA MANUTENÇÃO PREDIAL (PREVENTIVA, CORRETIVA E EMERGENCIAL) E ADEQUAÇÃO DE LAYOUTS DE AMBIENTES, COM FORNE"
03184066000177_2026_84,MS,Água Clara,MUNICIPIO DE AGUA CLARA,2026-07-23,Pregão - Eletrônico,iluminacao_publica,0,mencao_passagem,2383630.15,1119888.35,0.3484,pontual,False,True,https://pncp.gov.br/app/editais/03184066000177/2026/84,"REGISTRO DE PREÇO PARA FUTURO EVENTUAL PRESTAÇÃO DE SERVIÇOS DE LOCAÇÃO, INSTALAÇÃO, MONTAGEM, DESMONTAGEM, OPERAÇÃO E MANUTENÇÃO DE ESTRUTURAS, COMPREENDENDO LOCAÇÃO DE PALCO, SERVIÇO DE LOCUÇÃO EM E"
03214145000183_2026_83,MT,Cáceres,MUNICIPIO DE CACERES,2026-07-30,Pregão - Eletrônico,climatizacao,1,,1748723.24,1049322.7699999998,0.3985,pontual,False,True,https://pncp.gov.br/app/editais/03214145000183/2026/83,"[LICITANET] - Registro de preço para futura e eventual contratação de empresa especializada na prestação de serviços de manutenção preventiva e corretiva de equipamento de climatização, com fornecimen"
03238631000131_2026_48,MT,Peixoto de Azevedo,MUNICIPIO DE PEIXOTO DE AZEVEDO,2026-07-06,Pregão - Presencial,climatizacao,1,,5554993.51,3606740.8499999996,0.0,pontual,False,False,https://pncp.gov.br/app/editais/03238631000131/2026/48,“REGISTRO DE PREÇOS PARA FUTURA E EVENTUAL CONTRATAÇÃO DE EMPRESA ESPECIALIZADA NA PRESTAÇÃO DE SERVIÇOS DE MANUTENÇÃO PREVENTIVA E CORRETIVA BEM COMO INSTALAÇÃO E DESISTALAÇÃO DE APARELHOS DE AR COND
03239076000162_2026_104,MT,Sorriso,MUNICIPIO DE SORRISO,2026-06-02,Pregão - Eletrônico,munck,0,fora_escopo,4084893.75,2475000.0,0.3941,pontual,False,False,https://pncp.gov.br/app/editais/03239076000162/2026/104,"REGISTRO DE PREÇOS PARA FUTURA E EVENTUAL CONTRATAÇÃO DE EMPRESA ESPECIALIZADA NA LOCAÇÃO DE CAMINHÃO TRUCADO COM SISTEMA HIDROJATO, CAMINHÃO MUNCK E CAMINHÃO PIPA, DESTINADOS À EXECUÇÃO DE SERVIÇOS D"
03288908000483_2025_67,DF,Brasília,SESC-SERVICO SOCIAL DO COMERCIO-ADMINISTRACAO REGIONAL DO DF,2025-09-10,Pregão - Eletrônico,iluminacao_publica,0,mencao_passagem,251543.12,176000.0,0.3003,indefinido,False,False,https://pncp.gov.br/app/editais/03288908000483/2025/67,"Contratação de empresa especializada para prestação de serviços técnicos profissionais de criação e execução de projeto para montagem e desmontagem de estrutura de estande, locação de equipamentos, il"
03288908000483_2025_77,DF,Brasília,SESC-SERVICO SOCIAL DO COMERCIO-ADMINISTRACAO REGIONAL DO DF,2025-10-08,Pregão - Eletrônico,iluminacao_publica,0,mencao_passagem,3752650.0,1876000.0,0.5001,indefinido,False,False,https://pncp.gov.br/app/editais/03288908000483/2025/77,"Contratação de empresa especializada para a execução de projeto operacional, executivo e cenográfico com montagem, coordenação, execução, realização, manutenção e desmontagem de uma Vila Natalina no S"
03296968000790_2025_44,DF,Brasília,SENAC - SERVICO NACIONAL DE APRENDIZAGEM COMERCIAL - ADMINIS,2025-09-24,Pregão - Eletrônico,iluminacao_publica,0,fornecimento_puro,3498865.4,976448.8300000001,0.0664,pontual,False,True,https://pncp.gov.br/app/editais/03296968000790/2025/44,"Registro de preços para a eventual aquisição de equipamentos de infraestrutura, iluminação, estúdio, fotografia, vídeo, áudio e informática, para atender às necessidades do Senac AR/DF."
03296968000790_2025_47,DF,Brasília,SENAC - SERVICO NACIONAL DE APRENDIZAGEM COMERCIAL - ADMINIS,2025-10-24,Pregão - Eletrônico,iluminacao_publica,0,fornecimento_puro,39064.77,18596.11,0.1584,pontual,False,True,https://pncp.gov.br/app/editais/03296968000790/2025/47,"Aquisição de equipamentos de infraestrutura, iluminação audiovisual, foto e vídeo para atender às necessidades do Senac AR/DF"
03342938000188_2025_98,MS,Inocência,MUNICIPIO DE INOCENCIA,2025-11-25,Pregão - Eletrônico,climatizacao,1,,456100.0,1.36,1.0,pontual,False,False,https://pncp.gov.br/app/editais/03342938000188/2025/98,"objeto da presente licitação é contratação de empresa especializada para disponibilização de sistema de gerenciamento, orçamento e intermediação para fornecimento de peças e serviços de manutenção pre"
03342938000188_2025_99,MS,Inocência,MUNICIPIO DE INOCENCIA,2025-11-25,Pregão - Eletrônico,munck,0,fornecimento_puro,356133.33,241133.33,0.3229,pontual,False,False,https://pncp.gov.br/app/editais/03342938000188/2025/99,"Aquisição e instalação de poli guindaste duplo articulado, novo, de primeiro uso, com capacidade de içamento de até 16 toneladas, compatível com caçambas estacionárias tipo Brooks de 3 a 5 m³, incluin"
03354560000132_2025_58,MS,Rio Verde de Mato Grosso,MUNICIPIO DE RIO VERDE DE MATO GROSSO,2025-11-13,Pregão - Eletrônico,munck,1,,197157.88,191320.01,0.0296,pontual,False,False,https://pncp.gov.br/app/editais/03354560000132/2025/58,CONTRATAÇÃO DE EMPRESA ESPECIALIZADA PARA ATENDER IMPLANTAÇÃO COM FORNECIMENTO DE MATERIAL E EQUIPAMENTOS PARA ORNAMENTAÇÃO DE SUPER POSTES EM DIVERSOS LOCAIS NO MUNICÍPIO DE RIO VERDE DE MT/MS.
03408911000140_2026_23,MT,Poxoréu,MUNICIPIO DE POXOREO,2026-05-20,Pregão - Eletrônico,munck,1,,2343999.96,2162399.88,0.0775,indefinido,False,False,https://pncp.gov.br/app/editais/03408911000140/2026/23,"CONTRATAÇÃO DE EMPRESA ESPECIALIZADA PARA PRESTAÇÃO DE SERVIÇOS DE LOCAÇÃO DE ROLOS COMPACTADORES, CAMINHÃO PIPA, TRATOR ESTEIRA, CAMINHÃO PRENSA (COMPACTADOR), CAMINHÃO MUNCK E CAMINHÃO TIPO ¾, DESTI"
03408911000140_2026_59,MT,Poxoréu,MUNICIPIO DE POXOREO,2026-08-11,Pregão - Eletrônico,refrigeracao,1,,67453.36,40947.28,0.393,indefinido,False,False,https://pncp.gov.br/app/editais/03408911000140/2026/59," CONTRATAÇÃO DE EMPRESA ESPECIALIZADA NA LIMPEZA, MANUTENÇÃO PREVENTIVA, MANUTENÇÃO CORRETIVA E HIGIENIZAÇÃO DE BEBEDOUROS E PURIFICADORES DE ÀGUA."
03501509000106_2026_85,MS,Campo Grande,MUNICIPIO DE CAMPO GRANDE,2026-07-02,Pregão - Eletrônico,climatizacao,0,equipamento_alto,254018.89,229989.99000000002,0.0946,pontual,False,False,https://pncp.gov.br/app/editais/03501509000106/2026/85,Aquisição de aparelhos de ar condicionado para a Escola de Governo
03501525000107_2025_110,MS,Corguinho,MUNICIPIO DE CORGUINHO,2025-11-28,Pregão - Eletrônico,iluminacao_publica,1,,0.0,,,continuado,False,False,https://pncp.gov.br/app/editais/03501525000107/2025/110,"Contratação de empresa especializada na prestação de serviços continuados de manutenção preventiva e corretiva, instalação, ampliação e reforma da rede predial elétrica, lógica e de cabeamento estrutu"
03501525000107_2026_15,MS,Corguinho,MUNICIPIO DE CORGUINHO,2026-03-13,Pregão - Eletrônico,iluminacao_publica,1,,101887.08,101848.92,0.0004,continuado,False,False,https://pncp.gov.br/app/editais/03501525000107/2026/15,"contratação de empresa especializada na prestação de serviços continuados de manutenção preventiva e corretiva, instalação, ampliação e reforma da rede predial elétrica, lógica e de cabeamento estrutu"
03501525000107_2026_61,MS,Corguinho,MUNICIPIO DE CORGUINHO,2026-09-23,Pregão - Eletrônico,iluminacao_publica,0,fornecimento_puro,939635.05,799740.7,0.1489,pontual,False,False,https://pncp.gov.br/app/editais/03501525000107/2026/61,"CONTRATAÇÃO DE EMPRESA ESPECIALIZADA PARA O FORNECIMENTO PARCELADO DE MATERIAIS ELÉTRICOS E EQUIPAMENTOS DE ILUMINAÇÃO PÚBLICA, DESTINADOS À MANUTENÇÃO, MODERNIZAÇÃO, AMPLIAÇÃO E RECUPERAÇÃO DA REDE D"
03501533000145_2026_39,MS,Jaraguari,MUNICIPIO DE JARAGUARI,2026-08-31,Pregão - Eletrônico,iluminacao_publica,0,fornecimento_puro,226758.02,67407.48,0.7027,pontual,False,False,https://pncp.gov.br/app/editais/03501533000145/2026/39,"REGISTRO DE PREÇO PARA FUTURA AQUISIÇÃO DE MATERIAIS DE ILUMINAÇÃO PÚBLICA, CONFORME CONDIÇÕES, QUANTIDADES E EXIGÊNCIAS ESTABELECIDAS NESTE INSTRUMENTO."
03507415002864_2026_144,MT,Cuiabá,ESTADO DE MATO GROSSO,2026-09-10,Pregão - Eletrônico,iluminacao_publica,0,mencao_passagem,173176.8,34399.78,0.3918,pontual,False,False,https://pncp.gov.br/app/editais/03507415002864/2026/144,Aquisição de equipamentos de iluminação e sinalização para atividades periciais da Perícia Oficial e Identificação Técnica (POLITEC).
03507498000171_2026_113,MT,Aripuanã,MUNICIPIO DE ARIPUANA,2026-08-27,Pregão - Presencial,refrigeracao,1,,1627113.37,1409660.0,0.1336,pontual,False,False,https://pncp.gov.br/app/editais/03507498000171/2026/113,"Registro de preços para futura e eventual contratação de empresa especializada para o fornecimento e manutenção de filtros, purificadores, refis e aparelhos de refrigeração, a fim de atender às necess"
03507498000171_2026_77,MT,Aripuanã,MUNICIPIO DE ARIPUANA,2026-07-01,Pregão - Presencial,eletrica_predial,0,fornecimento_puro,15532658.98,3775160.5300000007,0.0048,pontual,False,True,https://pncp.gov.br/app/editais/03507498000171/2026/77,"Registro de preço para futura e eventual aquisição de materiais para manutenção, reparo e conservação de bens móveis e imóveis, ferramentas, material elétrico e material para manutenção de bueiros, sa"
03507498000171_2026_96,MT,Aripuanã,MUNICIPIO DE ARIPUANA,2026-07-29,Pregão - Presencial,eletrica_predial,1,,549566.52,518672.0,0.0562,pontual,False,False,https://pncp.gov.br/app/editais/03507498000171/2026/96,"Registro de preço para futura e eventual contratação de empresa especializada na prestação de serviços de manutenção elétrica preventiva e corretiva, contemplando mão de obra e ferramentas para execuç"
03532661000156_2023_1,GO,Catalão,FUNDO MUNICIPAL DE SAUDE - CATALAO,2026-05-18,Pregão - Presencial,eletrica_predial,0,equipamento_alto,180999.84,100560.0,0.4444,pontual,False,False,https://pncp.gov.br/app/editais/03532661000156/2023/1,"CONTRATAÇÃO DE EMPRESA ESPECIALIZADA PARA PRESTAÇÃO DE SERVIÇOS DE MANUTENÇÃO PREVENTIVA E CORRETIVA, COM O FORNECIMENTO E SUBSTITUIÇÃO DE PEÇAS E COMPONENTES, NOS GRUPOS GERADORES DE ENERGIA ELÉTRICA"
03532661000156_2025_13,GO,Catalão,FUNDO MUNICIPAL DE SAUDE - CATALAO,2025-04-03,Pregão - Eletrônico,refrigeracao,1,,1512774.21,490515.0,0.4722,pontual,False,False,https://pncp.gov.br/app/editais/03532661000156/2025/13,"Contratação de prestação de serviços sem dedicação exclusiva de mão de obra para manutenção corretiva e higienização, incluindo o fornecimento de peças de reposição e/ou materiais, por demanda, em equ"
03532661000156_2025_33,GO,Catalão,FUNDO MUNICIPAL DE SAUDE - CATALAO,2025-05-20,Pregão - Eletrônico,manutencao_predial,0,fornecimento_puro,2287980.89,52781.549999999996,0.672,pontual,False,False,https://pncp.gov.br/app/editais/03532661000156/2025/33,"Registro de preços para aquisição de materiais de construção, pintura, ferramentas e acessórios, hidráulicos e sanitários, destinados à manutenção predial das unidades pertencentes a Secretaria Munici"
03535606000110_2026_72,MT,Cuiabá,TRIBUNAL DE JUSTICA DO ESTADO DE  MATO GROSSO,2026-07-02,Pregão - Eletrônico,climatizacao,0,equipamento_alto,16176861.72,5786400.0,0.2779,pontual,False,False,https://pncp.gov.br/app/editais/03535606000110/2026/72,"Registro de preços para eventual aquisição parcelada de CONDICIONADORES DE AR COM INSTALAÇÃO, para atendimento às demandas do Tribunal de Justiça de Mato Grosso, suas Comarcas e Juizados Especiais, no"
03560440000191_2026_25,MS,Campo Grande,SESC ADMINISTRACAO REGIONAL NO ESTADO DO MATO GROSSO DO SUL,2026-02-25,Pregão - Eletrônico,refrigeracao,1,,0.02,289799.73,-14489985.5,continuado,False,False,https://pncp.gov.br/app/editais/03560440000191/2026/25,"Contratação de empresa especializada para a prestação de serviços continuados de manutenção preventiva e corretiva, com fornecimento de materiais de consumo, emissão de ART e elaboração e execução do "
03567930000110_2026_17,MS,Antônio João,MUNICIPIO DE ANTONIO JOAO,2026-07-23,Pregão - Eletrônico,iluminacao_publica,0,fornecimento_puro,293116.76,189332.22999999998,0.3496,pontual,False,True,https://pncp.gov.br/app/editais/03567930000110/2026/17,"Formalização de Ata de registro de Preços para futura e eventual aquisição de materiais elétricos e equipamentos destinados à manutenção e ao conserto da ILUMINAÇÃO PÚBLICA, visando atender às demanda"
03659166001931_2024_345,GO,Goiânia,INSTITUTO BRASILEIRO DO MEIO AMBIENTE E DOS RECURSOS NATURAIS RENOVAVEIS-IBAMA,2024-11-14,Pregão - Eletrônico,manutencao_predial,0,fora_escopo,2775662.5,2081746.875,0.25,continuado,False,False,https://pncp.gov.br/app/editais/03659166001931/2024/345,"Contratação de licitação por meio de Registro de Preços para contratação de empresa especializada para prestação de serviços comuns de engenharia de forma continuada, por demanda, para execução de man"
03681582000107_2026_23,MS,Rio Brilhante,MUNICIPIO DE RIO BRILHANTE,2026-04-29,Pregão - Eletrônico,climatizacao,1,,1017390.02,650000.0,0.3611,indefinido,False,False,https://pncp.gov.br/app/editais/03681582000107/2026/23,"REGISTRO DE PREÇO PARA CONTRATAÇÃO DE EMPRESA ESPECIALIZADA NA PRESTAÇÃO DE SERVIÇOS DE INSTALAÇÃO, MANUTENÇÃO PREVENTIVA E CORRETIVA DE EQUIPAMENTOS DE AR CONDICIONADO INSTALADOS NOS PRÉDIOS DE RESPO"
03741683000126_2025_22,MS,Mundo Novo,MUNICIPIO DE MUNDO NOVO,2025-10-30,Concorrência - Eletrônica,munck,1,,437993.97,280000.0,0.3607,pontual,False,False,https://pncp.gov.br/app/editais/03741683000126/2025/22,Constitui-se objeto da presente licitação a Contratação de empresa especializada visando a IMPLANTAÇÃO DE POSTES ORNAMENTAIS COMPOSTOS DE LUMINÁRIAS LED DE 150W NA AVENIDA MANOEL MENDES - MUNICÍPIO DE
03773942000109_2026_20,MT,Pedra Preta,MUNICIPIO DE PEDRA PRETA,2026-06-11,Pregão - Eletrônico,manutencao_predial,0,fora_escopo,5.0,45.05,-8.01,pontual,False,False,https://pncp.gov.br/app/editais/03773942000109/2026/20,[LICITANET] - Registro de Preços para futura e eventual contratação de empresa especializada na prestação de serviços comuns de engenharia destinados à manutenção predial preventiva e corretiva das un
03903176000141_2026_1,MS,Deodápolis,MUNICIPIO DE DEODAPOLIS,2026-01-10,Pregão - Presencial,munck,1,,161161.2,154440.0,0.0417,indefinido,False,False,https://pncp.gov.br/app/editais/03903176000141/2026/1,"REGISTRO DE PREÇOS PARA LOCAÇÃO DE CAMINHÃO MUNCK GUINDAUTO, PARA ATENDER AS DEMANDAS DA SECRETARIA MUNICIPAL DE INFRAESTRUTURA."
03929049000111_2025_49,MT,Cuiabá,MATO GROSSO ASSEMBLEIA LEGISLATIVA,2026-03-05,Pregão - Eletrônico,manutencao_predial,0,equipamento_alto,13845401.39,7785751.0,0.0762,pontual,False,False,https://pncp.gov.br/app/editais/03929049000111/2025/49,"REGISTRO DE PREÇOS PARA FUTURA E EVENTUAL CONTRATAÇÃO DE EMPRESA ESPECIALIZADA PARA FORNECIMENTO DE SOLUÇÃO INTEGRADA DE CONTROLE, AUTOMAÇÃO E SUPERVISÃO PREDIAL, COM DISPONIBILIZAÇÃO DE TODOS OS MATE"
03954047000182_2026_25,MT,Tangará da Serra,TANGARA DA SERRA CAMARA MUNICIPAL,2026-06-09,Pregão - Eletrônico,refrigeracao,0,fora_escopo,159712.21,115679.21000000002,0.2757,indefinido,False,False,https://pncp.gov.br/app/editais/03954047000182/2026/25,"CONTRATAÇÃO DE EMPRESA ESPECIALIZADA PARA PRESTAÇÃO DE SERVIÇOS DE MANUTENÇÃO PREVENTIVA E CORRETIVA, INSTALAÇÃO, DESINSTALAÇÃO, HIGIENIZAÇÃO, REPAROS EM EQUIPAMENTOS DE CLIMATIZAÇÃO, REFRIGERAÇÃO E I"
03979663000198_2025_26,MS,Campo Grande,TRIBUNAL DE JUSTICA DO ESTADO MATO GROSSO DO SUL,2026-05-06,Pregão - Eletrônico,climatizacao,1,,943428.96,525999.84,0.4425,indefinido,False,False,https://pncp.gov.br/app/editais/03979663000198/2025/26,"Serviços de manutenção preventiva e corretiva dos sistemas de climatização central da Secretaria do TJMS e dos Gabinetes dos Desembargadores, incluindo mão de obra em regime de dedicação exclusiva, pe"
03979663000198_2026_162,MS,Campo Grande,TRIBUNAL DE JUSTICA DO ESTADO MATO GROSSO DO SUL,2026-07-22,Pregão - Eletrônico,munck,0,fornecimento_puro,210751.27,181246.0922,0.14,pontual,False,False,https://pncp.gov.br/app/editais/03979663000198/2026/162,"Aquisição definitiva de 2 (dois) containers marítimos adaptados (módulos habitáveis) com banheiro, entregues prontos para o uso, compreendendo o fornecimento dos bens e a execução de todos os serviços"
04178518000170_2026_16,MT,Santa Cruz do Xingu,MUNICIPIO DE SANTA CRUZ DO XINGU,2026-07-14,Pregão - Eletrônico,eletrica_predial,0,fornecimento_puro,460487.45,385489.45,0.1629,pontual,False,False,https://pncp.gov.br/app/editais/04178518000170/2026/16,"REGISTRO DE PREÇOS PARA FUTURA E EVENTUAL AQUISIÇÃO DE MANILHAS DE CONCRETO E POSTES, DESTINADOS À EXECUÇÃO, MANUTENÇÃO, RECUPERAÇÃO, SUBSTITUIÇÃO E AMPLIAÇÃO DE BUEIROS, PONTES, SISTEMAS DE DRENAGEM "
04213687000102_2026_56,MT,Colniza,MUNICIPIO DE COLNIZA,2026-07-28,Pregão - Presencial,iluminacao_publica,0,fornecimento_puro,4858973.99,1287442.4199999997,0.249,pontual,False,True,https://pncp.gov.br/app/editais/04213687000102/2026/56,"REGISTRO DE PREÇOS PARA FUTURA E EVENTUAL AQUISIÇÃO DE MATERIAIS ELÉTRICOS DESTINADOS À MANUTENÇÃO E AMPLIAÇÃO DA REDE DE ILUMINAÇÃO PÚBLICA, PARA ATENDER ÀS DEMANDAS DA SECRETARIA MUNICIPAL DE INFRAE"
04214704000118_2025_58,MT,Nova Santa Helena,MUNICIPIO DE NOVA SANTA HELENA,2026-03-23,Pregão - Eletrônico,munck,1,,667500.0,333690.0,0.5001,pontual,False,False,https://pncp.gov.br/app/editais/04214704000118/2025/58,Registro de Preços para futura e eventual contratação de Serviços operacionais especializados com caminhões tipo guindauto (munck) para implantações e manutenções da Iluminação Pública e demais serviç
04215993000170_2026_24,MT,Vale de São Domingos,MUNICIPIO DE VALE DE SAO DOMINGOS,2026-04-30,Pregão - Presencial,manutencao_predial,0,fora_escopo,3284409.79,3284409.79,0.0,pontual,False,False,https://pncp.gov.br/app/editais/04215993000170/2026/24,"SOLICITAÇÃO DE CONTRATAÇÃO DE EMPRESA PARA PRESTAÇÃO DE SERVIÇOS DE MANUTENÇÃO PREDIAL DO TIPO PREVENTIVA E CORRETIVA, E MANUTENÇÃO E CONSERVAÇÃO DE OBRAS DE INFRAESTRUTURA, COM FORNECIMENTO DE PEÇAS,"
04215993000170_2026_37,MT,Vale de São Domingos,MUNICIPIO DE VALE DE SAO DOMINGOS,2026-07-06,Pregão - Eletrônico,climatizacao,0,fornecimento_puro,1210926.31,136413.2,0.3802,pontual,False,True,https://pncp.gov.br/app/editais/04215993000170/2026/37,"[LICITANET] - Registro de Preços para futura e eventual aquisição de materiais permanentes, compreendendo mobiliários, equipamentos de informática, eletroeletrônicos, aparelhos de climatização, equipa"
04253881000103_2026_36,MS,Campo Grande,SERVICO NACIONAL DE APRENDIZAGEM RURAL - SENAR,2026-06-15,Pregão - Eletrônico,eletrica_predial,0,fornecimento_puro,83166.49,13109.949999999999,0.1426,pontual,False,False,https://pncp.gov.br/app/editais/04253881000103/2026/36,"Registro de preços para aquisição de ferramentas, materiais de construção, materiais elétricos, EPI e segurança, visando atender as demandas  do SENAR-AR/MS e do Centro de Excelência em Bovinocultura "
04709778000125_2026_15,MT,Juína,DEPARTAMENTO DA AGUA E ESGOTO SANITARIO,2026-06-03,Pregão - Eletrônico,munck,1,,1854027.5,1317714.0,0.2893,pontual,False,False,https://pncp.gov.br/app/editais/04709778000125/2026/15,"REGISTRO DE PREÇOS PARA FUTURA E EVENTUAL CONTRATAÇÃO DE EMPRESA PARA PRESTAÇÃO DE SERVIÇOS DIVERSOS (SERVIÇOS ELÉTRICOS, MANUTENÇÃO DE BOMBAS, LOCAÇÃO DE CAMINHÃO MUNCK, CAMINHÃO BASCULANTE, PA CARRE"
04755973000191_2025_109,GO,Uruaçu,FUNDO MUNICIPAL DE SAUDE DE URUACU,2025-11-06,Pregão - Eletrônico,climatizacao,1,,178442.94,135689.8,0.0,continuado,False,False,https://pncp.gov.br/app/editais/04755973000191/2025/109,Eventual contratação de empresa especializada para prestação dos serviços de natureza continuada de manutenção preventiva e corretiva dos aparelhos de ar-condicionado instalados nas dependências dos ó
04842827000101_2026_52,MG,Bocaiúva,HOSPITAL MUNICIPAL DR GIL ALVES,2026-08-12,Pregão - Eletrônico,refrigeracao,1,,654093.6,500000.0,0.2356,indefinido,False,False,https://pncp.gov.br/app/editais/04842827000101/2026/52,"[Portal de Compras Públicas] - REGISTRO DE PREÇOS PARA CONTRATAÇÃO DE EMPRESA ESPECIALIZADA PARA PRESTAÇÃO DE SERVIÇO EM LOTE DE MANUTENÇÃO PREVENTIVA, CORRETIVA, RECARGA DE GÁS E CALIBRAÇÃO COM EMISS"
04892707000372_2025_15,MS,Campo Grande,DNIT-DEPARTAMENTO NACIONAL DE INFRAEST DE TRANSPORTES,2025-12-05,Pregão - Eletrônico,manutencao_predial,0,fora_escopo,1391730.23,1251370.4582,0.1009,pontual,False,False,https://pncp.gov.br/app/editais/04892707000372/2025/15,"Contratação de serviços contínuos de manutenção predial preventiva, corretiva, sob demanda, com mão de obra exclusiva, para atender as necessidades da Superintendência Regional do DNIT em MS conforme "
04892707000453_2025_10,GO,Goiânia,DNIT-DEPARTAMENTO NACIONAL DE INFRAEST DE TRANSPORTES,2025-07-09,Pregão - Eletrônico,manutencao_predial,0,fora_escopo,5098816.77,3878704.5698,0.2393,pontual,False,False,https://pncp.gov.br/app/editais/04892707000453/2025/10,"Contratação de serviços contínuos de manutenção predial preventiva e corretiva, sob demanda, com mão de obra exclusiva, para atender as necessidades da Superintendência Regional do DNIT em GO/DF."
05487631000109_2026_97,MG,Belo Horizonte,SECRETARIA DE ESTADO DE JUSTICA E SEGURANCA PUBLICA -SEJUSP,2026-08-22,Pregão - Eletrônico,climatizacao,0,fornecimento_puro,51280.31,44046.64,0.1411,indefinido,True,True,https://pncp.gov.br/app/editais/05487631000109/2026/97,"Materiais e equipamentos diversos (ar condicionado, ventilador, lixeira, etc) para uso nas instalações da academia a ser instalada na  8ª RISP."
05921795000194_2025_32,GO,Mineiros,FUNDO ESPECIAL MUNICIPAL PARA O CORPO DE BOMBEIROS DO ESTADO DE GOIAS/MINEIROS,2025-12-02,Concorrência - Eletrônica,eletrica_predial,0,obra_grande,1632818.04,1632000.0,0.0005,indefinido,False,False,https://pncp.gov.br/app/editais/05921795000194/2025/32,"AMPLIAÇÃO E REFORMA DA EDIFICAÇÃO DO 16º BATALHÃO BOMBEIRO MILITAR, COMPREENDENDO SERVIÇOS DE MANUTENÇÃO PREDIAL, ADEQUAÇÕES ELÉTRICAS, HIDROSSANITÁRIAS, ACABAMENTOS, PINTURAS E REPAROS ESTRUTURAIS"
07158578000110_2026_44,MS,Figueirão,MUNICIPIO DE FIGUEIRAO,2026-04-23,Pregão - Eletrônico,climatizacao,0,mencao_passagem,215566.32,210000.0,0.0258,continuado,False,False,https://pncp.gov.br/app/editais/07158578000110/2026/44,"Contratação de empresa especializada para fornecimento de solução integrada de gestão documental, incluindo locação de software web para digitalização, indexação e arquivamento eletrônico de documento"
07222467000125_2026_75,GO,Inhumas,FUNDO MUNICIPAL DE SAUDE DE INHUMAS,2026-07-14,Pregão - Eletrônico,climatizacao,0,fornecimento_puro,354523.1,303436.7999,0.1441,pontual,False,False,https://pncp.gov.br/app/editais/07222467000125/2026/75,"CONTRATAÇÃO DE EMPRESA ESPECIALIZADA PARA O FORNECIMENTO DE APARELHOS DE AR CONDICIONADO EM CUMPRIMENTO À EMENDA PARLAMENTAR Nº 202600005002469 DO DEPUTADO ESTADUAL  LUCAS CALIL, BEM COMO A AQUISIÇÃO"
07248660000135_2026_44,TO,Palmas,DEFENSORIA PUBLICA DO ESTADO DO TOCANTINS,2026-06-22,Pregão - Eletrônico,climatizacao,1,,1035221.72,157357.24,0.6734,continuado,False,False,https://pncp.gov.br/app/editais/07248660000135/2026/44,"Contratação de empresa especializada para prestação de serviços continuados de instalação, desinstalação, remanejamento, manutenção preventiva e corretiva com reposição integral de peças em equipament"
07947821000189_2025_138,DF,Brasília,AGENCIA NACIONAL DE AVIACAO CIVIL - ANAC,2025-11-10,Pregão - Eletrônico,iluminacao_publica,0,equipamento_alto,284794.8,187936.36,0.1388,pontual,False,False,https://pncp.gov.br/app/editais/07947821000189/2025/138,"Aquisição equipamentos de áudio, vídeo, iluminação, fotografia e acessórios, bem como serviço de instalação da sala multiuso, para a Agência Nacional de Aviação Civil – ANAC"
08083086000175_2026_13,GO,Bela Vista de Goiás,FUNDO MUNICIPAL DE SAUDE,2026-03-02,Pregão - Eletrônico,climatizacao,1,,359134.17,215000.00000000003,0.4013,pontual,False,False,https://pncp.gov.br/app/editais/08083086000175/2026/13,"Contratação futura, eventual e parcelada de empresa especializada na prestação de serviço de instalação, desinstalação e manutenção de ar condicionado para atender às demandas do Fundo Municipal de Sa"
08654446000141_2026_9,GO,Abadia de Goiás,FUNDO MUNICIPAL DE SAUDE,2026-03-02,Pregão - Eletrônico,eletrica_predial,0,mencao_passagem,253569.96,253200.0,0.0015,pontual,False,False,https://pncp.gov.br/app/editais/08654446000141/2026/9,"Contratação de empresa especializada para a prestação de serviços de locação de veículos, incluindo motorista, destinados a compor o quadro logístico do Fundo Municipal de Saúde de Abadia de Goiás/GO."
09108857000102_2025_4,MG,Luz,CONSORCIO DE MUNICIPIOS DO ALTO SAO FRANCISCO - COMASF,2026-09-22,Pregão - Eletrônico,iluminacao_publica,1,,1508870.72,1508870.72,0.0,pontual,False,False,https://pncp.gov.br/app/editais/09108857000102/2025/4,"CONTRATACAO DE EMPRESA ESPECIALIZADA NA EXECUCAO DE SERVICOS DE ENGENHARIA ELETRICA, VISANDO A MANUTENCAO CORRETIVA E PREVENTIVA DE TODO O SISTEMA DE ILUMINACAO PUBLICA DE CADA UM DOS MUNICIPIOS CONSO"
09168704000142_2026_45,DF,Brasília,EMPRESA BRASIL DE COMUNICAÇÃO,2026-07-27,Pregão - Eletrônico,climatizacao,1,,626638.22,350675.0,0.4404,pontual,False,False,https://pncp.gov.br/app/editais/09168704000142/2026/45,"Contratação de empresa especializada na prestação dos serviços de instalação, remanejamento, manutenção corretiva e preventiva de sistemas de climatização predial, ar- condicionado veicular, refrigera"
10376719000185_2026_2,GO,Senador Canedo,FUNDO MUNICIPAL DO MEIO AMBIENTE,2026-09-15,Pregão - Eletrônico,manutencao_predial,0,fora_escopo,600000.0,600000.0,0.0,pontual,False,False,https://pncp.gov.br/app/editais/10376719000185/2026/2,"A presente contratação tem por objeto a prestação de serviços especializados de manutenção predial em prédios públicos, destinados ao atendimento das necessidades da Agência Municipal de Meio Ambiente"
10476288000129_2026_245,GO,Silvânia,FUNDO MUNICIPAL DE SAUDE DE SILVANIA,2026-08-31,Pregão - Eletrônico,manutencao_predial,0,fora_escopo,920215.77,16807.373000000003,0.0357,continuado,False,False,https://pncp.gov.br/app/editais/10476288000129/2026/245,"SOLICITA A CONTRATAÇÃO DECORRENTE DE ADESÃO À ATA DE REGISTRO DE PREÇOS DE EMPRESA ESPECIALIZADA NO RAMO DA ENGENHARIA PARA EXECUÇÃO DE SERVIÇOS DE MANUTENÇÃO PREDIAL PREVENTIVA E CORRETIVA, COM FORNE"
10480867000145_2026_30,GO,Niquelândia,FUNDO MUNICIPAL DE SAUDE,2026-06-23,Pregão - Eletrônico,eletrica_predial,0,equipamento_alto,431368.62,298842.08,0.2353,pontual,False,False,https://pncp.gov.br/app/editais/10480867000145/2026/30,"CONTRATAÇÃO DE EMPRESA PARA AQUISIÇÃO, INSTALAÇÃO, TESTES E COMISSIONAMENTO DE UM GRUPO GERADOR TRIFÁSICO DE 260 KVA, INCLUINDO FORNECIMENTO DE TODOS OS MATERIAIS, EQUIPAMENTOS, MÃO DE OBRA ESPECIALIZ"
10581764000171_2026_74,GO,São Luís de Montes Belos,FUNDO MUN.DE SAUDE DE SAO LUIS DE MONTES BELOS,2026-04-17,Pregão - Eletrônico,eletrica_predial,0,fornecimento_puro,2704797.01,1530908.0999999999,0.2601,indefinido,False,True,https://pncp.gov.br/app/editais/10581764000171/2026/74,"O REGISTRO DE PREÇO PARA EVENTUAIS AQUISIÇÕES DE EQUIPAMENTOS MÉDICO-HOSPITALARES, ODONTOLÓGICOS, FISIOTERAPIA, EQUIPAMENTOS ELÉTRICO-ELETRÔNICO, QUE SERÃO UTILIZADOS PARA ATENDER AS DEMANDAS DAS EQUI"
10626896000172_2026_216,MG,Belo Horizonte,"INSTITUTO FEDERAL DE EDUCACAO, CIENCIA E TECNOLOGIA DE MINAS GERAIS",2026-08-11,Pregão - Eletrônico,manutencao_predial,0,fora_escopo,6228229.92,3831934.7518,0.2539,pontual,False,False,https://pncp.gov.br/app/editais/10626896000172/2026/216,"Contratação de serviços de engenharia de empresa especializada para execução de Serviço de manutenção predial, preventiva e corretiva, SOB DEMANDA , conforme listagem de levantamento POR CAMPUS/LOTES "
10651417000178_2026_119,GO,Goiânia,"INSTITUTO FEDERAL DE EDUCACAO, CIENCIA E TECNOLOGIA GOIANO",2026-07-01,Pregão - Eletrônico,climatizacao,1,,413029.46,79615.0,0.6741,continuado,False,False,https://pncp.gov.br/app/editais/10651417000178/2026/119,"Registro de peço para contratação de serviços de manutenção preventiva e corretiva em aparelhos de ar condicionado e câmaras frigoríficas, conforme condições e exigências estabelecidas no edital e seu"
10727655000110_2026_148,MG,Januária,"INSTITUTO FEDERAL DE EDUCACAO, CIENCIA E TECNOLOGIA DO NORTE DE MINAS GERAIS",2026-08-27,Pregão - Eletrônico,eletrica_predial,0,fornecimento_puro,703475.09,38116.4,0.3318,pontual,False,True,https://pncp.gov.br/app/editais/10727655000110/2026/148,Aquisição de materiais elétricos. 
11111771000172_2025_126,GO,Ceres,FUNDO MUNICIPAL DE SAUDE DE CERES,2025-07-21,Pregão - Eletrônico,climatizacao,1,,121336.7,56000.0,0.5385,indefinido,False,False,https://pncp.gov.br/app/editais/11111771000172/2025/126,"REFERENTE A CONTRATAÇÃO DE EMPRESA ESPECIALIZADA PARA PRESTAÇÃO DE SERVIÇOS DE MANUTENÇÃO PREVENTIVA E CORRETIVA DE APARELHOS DE AR CONDICIONADO, INCLUINDO LIMPEZA, RECARGA DE GÁS, INSTALAÇÃO E REMOÇÃ"
11168270000122_2025_60,GO,Palmeiras de Goiás,FUNDO MUNICIPAL DE SAUDE -FMS,2025-07-18,Pregão - Eletrônico,climatizacao,1,,773445.24,110388.0,0.8573,indefinido,False,False,https://pncp.gov.br/app/editais/11168270000122/2025/60,EMPRESA ESPECIALIZADA NA MANUTENÇÃO PREVENTIVA E CORRETIVA DOS EXAUSTORES DE CLIMATIZAÇÃO DE AR CONDICIONADO
11324516000108_2025_105,GO,Firminópolis,FUNDO MUNICIPAL DE SAUDE DE FIRMINOPOLIS,2025-09-01,Pregão - Presencial,climatizacao,1,,826376.53,560050.16,0.2763,indefinido,False,True,https://pncp.gov.br/app/editais/11324516000108/2025/105,"SOLICITAÇÃO PARA ABERTURA DE PROCEDIMENTO LICITATÓRIO PARA A CONTRATAÇÃO DE EMPRESA ESPECIALIZADA EM PRESTAÇÃO DE SERVIÇOS DE INSTALAÇÃO, DESINSTALAÇÃO, RECARGA DE GÁS E MANUTENÇÃO DE APARELHOS DE AR "
11336672000199_2026_29,TO,Gurupi,FUNDO MUNICIPAL DE SAUDE,2026-05-11,Pregão - Eletrônico,manutencao_predial,0,fora_escopo,10202396.12,8749890.870000001,0.1424,pontual,False,False,https://pncp.gov.br/app/editais/11336672000199/2026/29,"REGISTRO DE PRECOS, PARA FUTURA E EVENTUAL CONTRATACAO DE EMPRESA PARA EXECUCAO DE SERVICOS COMUNS E CONTINUOS DE ENGENHARIA, COM EMPREGO DE MATERIAIS E MAO DE OBRA, COM O FITO DE PROMOVER MANUTENCAO "
11675300000197_2026_2,TO,Paraíso do Tocantins,ASSOCIACAO DE APOIO DO CENTRO DE ENSINO MEDIO GIRASSOL DE TEMPO INTEGRAL DIACONIZIO BEZERRA DA SILVA,2026-04-29,Pregão - Eletrônico,eletrica_predial,1,,770634.25,423740.68580000004,0.4372,continuado,False,False,https://pncp.gov.br/app/editais/11675300000197/2026/2,"Contratação de empresa especializada na prestação de serviços continuados de manutenção preventiva e corretiva de bens móveis e imóveis, tais como: serviços de pedreiro e servente; pintura; vidraçaria"
11675300000197_2026_3,TO,Paraíso do Tocantins,ASSOCIACAO DE APOIO DO CENTRO DE ENSINO MEDIO GIRASSOL DE TEMPO INTEGRAL DIACONIZIO BEZERRA DA SILVA,2026-04-30,Pregão - Eletrônico,climatizacao,1,,154229.17,98092.8,0.364,pontual,True,False,https://pncp.gov.br/app/editais/11675300000197/2026/3,"Prestação de serviços de manutenção preventiva e corretiva em equipamentos de bens móveis, compreendendo equipamentos de refrigeração e sistemas de climatização (tipos central, compacto e split), bem "
11809185000104_2026_22,GO,Aparecida de Goiânia,FUNDO MUNICIPAL DE SAUDE DE APARECIDA DE GOIANIA,2026-05-27,Pregão - Eletrônico,eletrica_predial,0,fora_escopo,1275766.74,600000.0,0.5297,pontual,False,False,https://pncp.gov.br/app/editais/11809185000104/2026/22,"REGISTRO DE PREÇO PARA EVENTUAL CONTRATAÇÃO DE EMPRESA ESPECIALIZADA NA PRESTAÇÃO DE SERVIÇOS DE MANUTENÇÃO CORRETIVA E PREVENTIVA DE EQUIPAMENTOS ODONTOLÓGICOS, COM FORNECIMENTO E SUBSTITUIÇÃO DE PEÇ"
11877880000103_2026_34,GO,Marzagão,FUNDO MUNICIPAL DE SAUDE DO MUNICIPIO DE MARZAGAO,2026-07-03,Pregão - Eletrônico,eletrica_predial,0,fornecimento_puro,754410.33,561524.4,0.2557,pontual,False,False,https://pncp.gov.br/app/editais/11877880000103/2026/34,"CONTRATAÇÃO, POR MEIO DE ADESÃO À ATA DE REGISTRO DE PREÇOS Nº 007/2024, DO CONSÓRCIO INTERMUNICIPAL DE SAÚDE VALE DO RIO CUIABÁ, DA EMPRESA DETENTORA DA REFERIDA ATA, PARA O FORNECIMENTO DE SISTEMA D"
11924138000101_2024_540,GO,Mineiros,FUNDO MUNICIPAL DE SAUDE DE MINEIROS,2024-11-14,Pregão - Eletrônico,manutencao_predial,0,fornecimento_puro,679895.41,72757.34999999999,0.1443,pontual,False,False,https://pncp.gov.br/app/editais/11924138000101/2024/540,"AQUISIÇÃO DE MATERIAIS DE MATERIAIS PARA MANUTENÇÃO PREDIAL (PEQUENOS REPAROS ELÉTRICOS, HIDRÁULICOS, DE ALVENARIA E OUTROS) PARA ATENDER ÀS NECESSIDADES DA SECRETARIA DE SAÚDE E SUAS UNIDADES."
11924138000101_2025_1136,GO,Mineiros,FUNDO MUNICIPAL DE SAUDE DE MINEIROS,2025-07-29,Pregão - Eletrônico,climatizacao,1,,600071.5,168100.0,0.7199,indefinido,False,False,https://pncp.gov.br/app/editais/11924138000101/2025/1136,"CONTRATAÇÃO DE EMPRESA ESPECIALIZADA EM MANUTENÇÃO PREVENTIVA E CORRETIVA, INSTALAÇÃO E DESINSTALAÇÃO E REPOSIÇÃO DE GÁS DE AR-CONDICIONADO, BEM COMO ELABORAÇÃO DO PLANO DE MANUTENÇÃO, OPERAÇÃO E CONT"
11924138000101_2025_1444,GO,Mineiros,FUNDO MUNICIPAL DE SAUDE DE MINEIROS,2026-01-23,Pregão - Eletrônico,eletrica_predial,0,equipamento_alto,1478695.88,107084.7,0.1053,pontual,False,False,https://pncp.gov.br/app/editais/11924138000101/2025/1444,"AQUISIÇÃO DE MATERIAIS PARA MANUTENÇÃO PREDIAL (PEQUENOS REPAROS ELÉTRICOS, HIDRÁULICOS, DE ALVENARIA E OUTROS) PARA ATENDER ÀS NECESSIDADES DA SECRETARIA DE SAÚDE E SUAS UNIDADES."
12053489000149_2025_139,GO,Jataí,FUNDO MUNICIPAL DE SAUDE,2025-11-19,Pregão - Eletrônico,climatizacao,1,,623180.1,522869.5,0.161,pontual,False,False,https://pncp.gov.br/app/editais/12053489000149/2025/139,"[Portal de Compras Públicas] - Contratação através de Pregão Eletrônico sistema de registro de preços do tipo menor preço Global, de empresa especializada para executar os serviços de: Manutenção Corr"
12053489000149_2026_158,GO,Jataí,FUNDO MUNICIPAL DE SAUDE,2026-08-06,Pregão - Eletrônico,eletrica_predial,0,fornecimento_puro,22125644.58,,,pontual,False,True,https://pncp.gov.br/app/editais/12053489000149/2026/158,"[Portal de Compras Públicas] - Contratação via Pregão Eletrônico, Sistema Registro de Preços, do tipo menor preço por GRUPO, de empresa do ramo visando à aquisição de material elétrico eletrônico, mat"
12333051000114_2026_16,MG,Janaúba,CONSORCIO INTERMUNICIPAL DE DESENVOLVIMENTO SUSTENTAVEL DA MICRORREGIAO DA SERRA GERAL DE MINAS - UNIAO DA SERRA GERAL,2026-09-24,Pregão - Eletrônico,eletrica_predial,0,fornecimento_puro,583078.95,867782.7000000001,-0.4883,pontual,False,False,https://pncp.gov.br/app/editais/12333051000114/2026/16,"[Portal de Compras Públicas] - Registro de Preços para futura e eventual aquisição, por lotes, de insumos, materiais de construção, agregados minerais, materiais hidráulicos e elétricos, ferragens, fe"
12560864000147_2026_16,GO,Águas Lindas de Goiás,FUNDO MUNICIPAL DE ASSISTENCIA SOCIAL,2026-06-08,Pregão - Eletrônico,climatizacao,1,,788204.79,628135.65,0.2031,pontual,False,False,https://pncp.gov.br/app/editais/12560864000147/2026/16,"REGISTRO DE PREÇOS PARA FUTURA E EVENTUAL AQUISIÇÃO DE EQUIPAMENTOS DE INFORMÁTICA, PERIFÉRICOS, AR CONDICIONADO, ELETROELETRÔNICOS, MATERIAIS PARA PROCESSAMENTOS DE DADOS, APARELHOS E EQUIPAMENTOS DE"
12600146000157_2026_37,MS,Nova Andradina,FUNDACAO SERVICOS DE SAUDE DE NOVA ANDRADINA,2026-05-28,Pregão - Eletrônico,climatizacao,1,,501559.58,39372.70000000001,0.0923,indefinido,False,False,https://pncp.gov.br/app/editais/12600146000157/2026/37,"CONTRATAÇÃO DE EMPRESA ESPECIALIZADA PARA A PRESTAÇÃO DE SERVIÇOS EM MANUTENÇÃO DE EQUIPAMENTOS DE AR CONDICIONADO, INCLUSO A DISPONIBILIZAÇÃO DE PEÇAS, PARA ATENDER A DEMANDA DA FUNDAÇÃO SERVIÇOS DE "
12775985000106_2026_4,TO,Campos Lindos,FUNDO MUNICIPAL DE SAUDE DE CAMPOS LINDOS,2026-06-09,Pregão - Eletrônico,climatizacao,1,,117508.93,117508.93,0.0,indefinido,False,False,https://pncp.gov.br/app/editais/12775985000106/2026/4,"CONTRATAÇÃO DE EMPRESA PARA PRESTAÇÃO DE SERVIÇOS DE LIMPEZA E MANUTENÇÃO DE AR CONDICIONADO, DE INTERESSE DO FUNDO MUNICIPAL DE SAUDE DE CAMPOS LINDOS."
13842783000100_2026_15,GO,Taquaral de Goiás,FUNDO MUNICIPAL DE ASSISTENCIA SOCIAL FMAS,2026-06-19,Concorrência - Presencial,eletrica_predial,0,fornecimento_puro,235888.54,235888.54,0.0,pontual,False,False,https://pncp.gov.br/app/editais/13842783000100/2026/15,"SOLICITO CONTRATAÇÃO DE EMPRESA ESPECIALIZADA  EM ENGENHARIA DA OBRA DE REFORMA,ADEQUAÇAO E AMPLIAÇAO DO CENTRO DE REFERENCIA DE ASSISTENCIA SOCIAL(CRAS) DESTE MUNICIPIO TAQUARAL DE GOIÁS LOCALIZADO N"
14004655000142_2025_55,MS,Chapadão do Sul,FUNDO MUNICIPAL DE SAUDE DE CHAPADAO DO SUL-MS,2025-09-12,Pregão - Eletrônico,manutencao_predial,0,fornecimento_puro,127135.7,34894.630000000005,0.2071,pontual,True,True,https://pncp.gov.br/app/editais/14004655000142/2025/55,"Registro de Preços para futura e eventual aquisição de materiais (elétrico e hidráulico), equipamentos e ferramentas para a manutenção predial e de bens nos estabelecimentos públicos de saúde, em aten"
14627173000149_2026_15,GO,Uruaçu,FUNDO MUNICIPAL DE ASSISTENCIA SOCIAL-FMAS,2026-04-24,Concorrência - Eletrônica,eletrica_predial,0,fora_escopo,622919.03,505200.0,0.189,indefinido,False,False,https://pncp.gov.br/app/editais/14627173000149/2026/15,CONTRATAÇÃO DE EMPRESA ESPECIALIZADA EM SERVIÇOS DE ENGENHARIA PARA A EXECUÇÃO DA REFORMA E READEQUAÇÃO DO PRÉDIO DO CENTRO DE REFERÊNCIA DE ASSISTÊNCIA SOCIAL – CRAS DO MUNICÍPIO DE URUAÇU/GO. OS SER
15024037000127_2026_12,MT,São José do Rio Claro,MUNICIPIO DE SAO JOSE DO RIO CLARO,2026-02-25,Pregão - Eletrônico,refrigeracao,0,fora_escopo,705870.16,430000.0,0.3908,indefinido,False,False,https://pncp.gov.br/app/editais/15024037000127/2026/12,"REGISTRO DE PREÇOS PARA A REALIZAÇÃO DE MANUTENÇÃO PREVENTIVA E CORRETIVA DE AR CONDICIONADO, BEM COMO AINDA, INSTALAÇÕES, E DESINSTAÇÕES, RECARGA DE GÁS, MANUTENÇÃO EM BEBEDOUROS."
15126437000143_2025_4,GO,Goiânia,EMPRESA BRASILEIRA DE SERVIÇOS HOSPITALARES,2024-12-12,Pregão - Eletrônico,manutencao_predial,0,fora_escopo,6677242.07,5348702.4038,0.0606,pontual,False,False,https://pncp.gov.br/app/editais/15126437000143/2025/4,"Contratação de empresa especializada no ramo de engenharia para a prestação de serviços de manutenção predial nas modalidades preventiva, preditiva, corretiva planejada, corretiva não planejada dos si"
15410665000140_2026_8,MS,Selvíria,MUNICIPIO DE SELVIRIA,2026-03-09,Concorrência - Eletrônica,munck,0,fora_escopo,392521.61,294200.0,0.2505,indefinido,False,False,https://pncp.gov.br/app/editais/15410665000140/2026/8,Código da Pré Publicação E-Sfinge-TCE: “8FBBB847188B7EEA8E18BDD85695580892C7323A” “Contratação de empresa legalmente habilitada e tecnicamente qualificada para execução do projeto elétrico destinado à
15457856000168_2026_85,MS,Campo Grande,AGENCIA ESTADUAL DE GESTAO DE EMPREENDIMENTOS,2026-06-18,Concorrência - Eletrônica,eletrica_predial,1,,1100097.63,1100097.63,0.0,pontual,False,False,https://pncp.gov.br/app/editais/15457856000168/2026/85,"SERVIÇOS DE MANUTENÇÃO GERAL PREVENTIVA, PREDITIVA E CORRETIVA, COM FORNECIMENTO DE PEÇAS E INSUMOS, DA SUBESTAÇÃO DE ENERGIA ELÉTRICA, GRUPO GERADOR DE ENERGIA E USCA, BANCO DE CAPACITOR, RESERVATÓRI"
15461510000133_2025_239,MS,Campo Grande,FUNDACAO UNIVERSIDADE FEDERAL DE MATO GROSSO DO SUL,2026-06-18,Pregão - Eletrônico,eletrica_predial,1,,8762454.5,7011221.7008,0.1999,indefinido,False,False,https://pncp.gov.br/app/editais/15461510000133/2025/239,Serviços comuns de engenharia - Áreas civil e elétrica
15465016000147_2026_38,MS,Bodoquena,MUNICIPIO DE BODOQUENA,2026-06-29,Concorrência - Eletrônica,eletrica_predial,0,fora_escopo,172322.81,147000.0,0.1469,indefinido,False,False,https://pncp.gov.br/app/editais/15465016000147/2026/38,"Contratação de empresa especializada para obra REFORMA E ADEQUAÇÃO DO GALPÃO DO VIVEIRO MUNICIPAL DE BODOQUENA/MS, visando o desenvolvimento de atividades voltadas à produção e manejo de plantas nativ"
15469091000186_2026_3,MS,Dourados,CAMARA MUNICIPAL DE DOURADOS,2026-01-14,Pregão - Eletrônico,refrigeracao,0,fora_escopo,100550.0,42297.0,0.5793,pontual,False,False,https://pncp.gov.br/app/editais/15469091000186/2026/3,"Prestação de serviços de manutenção preventiva e corretiva em aparelhos de ar-condicionado, refrigeradores, purificadores de água e bebedouros, incluindo o fornecimento de peças, materiais e insumos n"
15487762000131_2026_10,MS,Nova Andradina,CAMARA MUNICIPAL DE NOVA ANDRADINA,2026-05-28,Pregão - Eletrônico,climatizacao,1,,86924.2,40910.0,0.5294,indefinido,False,False,https://pncp.gov.br/app/editais/15487762000131/2026/10,"Contratação de empresa especializada para prestação de serviços contínuos de manutenção preventiva em aparelhos de ar-condicionado instalados na Câmara Municipal, incluindo limpeza técnica, higienizaç"
15905003000141_2026_21,MS,Inocência,CAMARA MUNICIPAL DE INOCENCIA,2026-08-26,Pregão - Eletrônico,eletrica_predial,0,fornecimento_puro,22574.34,13715.0,0.1967,pontual,False,True,https://pncp.gov.br/app/editais/15905003000141/2026/21,"Aquisição de equipamentos de informática, peças de reposição, suprimentos de impressão e dispositivos de proteção elétrica, destinados a atender à demanda administrativa da Câmara Municipal de Inocênc"
16907746000113_2026_81,MG,Varginha,SECRETARIA DE ESTADO DE FAZENDA DE MINAS GERAIS,2026-08-21,Pregão - Eletrônico,climatizacao,1,,232852.92,157999.54,0.3215,indefinido,False,False,https://pncp.gov.br/app/editais/16907746000113/2026/81,Contratação de empresa para Instalação e Manutenção Preventiva e Corretiva em aparelhos de Ar condicionado para  Regional Varginha.
17058108000138_2026_75,MG,João Monlevade,DEPARTAMENTO MUNICIPAL DE AGUAS E ESGOTOS,2026-06-30,Pregão - Eletrônico,munck,0,fora_escopo,411243.33,217250.0,0.4717,pontual,False,False,https://pncp.gov.br/app/editais/17058108000138/2026/75,"AQUISIÇÃO DE BLOCO DE CONCRETO MACIÇO COM ALÇA DE IÇAMENTO 1,60 X  0,80 X 0,60 PARA USO NO MURO GABIÃO NO RIO SANTA BARBARA NA E.A.B.  PACAS PARA AUMENTO DO VOLUME DE ÁGUA BRUTA PARA A CAPTAÇÃO DE ÁGU"
17361639000103_2026_44,MS,Paraíso das Águas,MUNICIPIO DE PARAISO DAS AGUAS,2026-07-24,Pregão - Eletrônico,iluminacao_publica,0,mencao_passagem,2678288.07,1342976.7000000002,0.4063,indefinido,False,False,https://pncp.gov.br/app/editais/17361639000103/2026/44,"CONTRATAÇÃO DE EMPRESA ESPECIALIZADA PARA PRESTAÇÃO DE SERVIÇOS DE LOCAÇÃO DE APARELHOS DE SONORIZAÇÃO, ILUMINAÇÃO, LOCAÇÃO DE PALCO, LOCAÇÃO DE TENDAS, LOCAÇÃO DE PAINEL DE LED, SERVIÇO DE LOCUÇÃO E "
17361639000103_2026_46,MS,Paraíso das Águas,MUNICIPIO DE PARAISO DAS AGUAS,2026-07-31,Pregão - Eletrônico,iluminacao_publica,0,fornecimento_puro,106548.6,54936.6,0.4454,pontual,True,True,https://pncp.gov.br/app/editais/17361639000103/2026/46,AQUISIÇÃO DE MATERIAIS ELÉTRICOS DESTINADOS AO ATENDIMENTO DAS NECESSIDADES DA ILUMINAÇÃO PÚBLICA DO MUNICÍPIO DE PARAÍSO DAS ÁGUAS
17590843000198_2026_19,TO,Gurupi,GURUPI-SECRETARIA MUNICIPAL DE INFRAESTRUTURA,2026-09-16,Pregão - Eletrônico,iluminacao_publica,0,equipamento_alto,5010499.97,4506162.0,0.1007,indefinido,False,False,https://pncp.gov.br/app/editais/17590843000198/2026/19,ADESAO CONTRATACAO DE EMPRESA ESPECIALIZADA NA PRESTACAO DE SERVICOS POR EMPREITADA GLOBAL PARA MODERNIZACAO DE ILUMINACAO PUBLICA (COMPREENDENDO FORNECIMENTOS DE MATERIAL - MAO DE OBRA - ENCARGOS - L
17701982000141_2026_5,MS,Ribas do Rio Pardo,FUNDO MUNICIPAL DE SAUDE DE RIBAS DO RIO PARDO,2026-02-26,Pregão - Eletrônico,refrigeracao,0,fora_escopo,385387.5,235998.0,0.3876,continuado,False,False,https://pncp.gov.br/app/editais/17701982000141/2026/5,"Contratação de empresa especializada para prestação de serviços de manutenção técnica preventiva e corretiva, de forma contínua e mensal, para os equipamentos médico-hospitalares, laboratoriais, odont"
17819061000188_2026_77,MG,Ituiutaba,SUPERINTENDENCIA DE AGUA E ESGOTOS DE ITUIUTABA,2026-09-03,Pregão - Eletrônico,eletrica_predial,0,fornecimento_puro,451886.35,281052.46,0.2465,pontual,False,True,https://pncp.gov.br/app/editais/17819061000188/2026/77,[LICITANET] - Aquisição de ferramentas e equipamentos destinados à reposição e à execução de atividades de operação e manutenção elétrica e mecânica nos sistemas de abastecimento de água e esgotamento
17955386000198_2026_182,MG,Cambuquira,MUNICIPIO DE CAMBUQUIRA,2026-08-19,Pregão - Eletrônico,iluminacao_publica,0,fornecimento_puro,153393.8,151420.0,0.0111,pontual,False,False,https://pncp.gov.br/app/editais/17955386000198/2026/182,"Contratação de empresa especializada para o fornecimento de poste decorativo para iluminação ornamental e sinalização turística, com altura mínima de 3,00 m, composto por coluna metálica tubular, braç"
18008920000111_2026_38,MG,São Tomé das Letras,MUNICIPIO DE SAO TOME DAS LETRAS,2026-07-23,Pregão - Eletrônico,munck,0,fornecimento_puro,187061.13,185600.0,0.0078,pontual,False,False,https://pncp.gov.br/app/editais/18008920000111/2026/38,"Contratação de empresa especializada para o fornecimento de poliguindaste simples e caçambas metálicas estacionárias tipo poliguindaste, destinados ao atendimento das necessidades operacionais da Pref"
18025965000102_2026_53,MG,Paraisópolis,MUNICIPIO DE PARAISOPOLIS,2026-08-27,Pregão - Eletrônico,refrigeracao,0,fornecimento_puro,159224.06,106275.37,0.3325,pontual,False,True,https://pncp.gov.br/app/editais/18025965000102/2026/53,[Portal de Compras Públicas] - Contratação de empresa para aquisição de câmaras/refrigeradores científicos para conservação de imunobiológicos e de materiais para uso diário na Rede de Frio do Program
18070772000165_2025_111,GO,Uruaçu,FUNDO MUNICIPAL DE EDUCACAO - FME,2025-10-28,Pregão - Eletrônico,climatizacao,1,,1712813.62,282309.30000000005,0.3287,pontual,False,False,https://pncp.gov.br/app/editais/18070772000165/2025/111,"REGISTRO DE PREÇOS PARA AQUISIÇÃO EVENTUAL, FUTURA E PARCELADA DE SERVIÇO DE MANUTENÇÃO DOS APARELHOS DE AR CONDICIONADO DAS UNIDADES ESCOLARES, CENTROS MUNICIPAIS DE EDUCAÇÃO INFANTIL E SECRETARIA MU"
18128231000140_2026_120,MG,Senador Firmino,MUNICIPIO DE SENADOR FIRMINO,2026-08-14,Pregão - Eletrônico,refrigeracao,0,fora_escopo,1491726.88,296226.88,0.4428,pontual,False,True,https://pncp.gov.br/app/editais/18128231000140/2026/120,"Registro de preços para futura e eventual aquisição de gêneros alimentícios (perecíveis e não perecíveis, in natura, processados, industrializados, refrigerados e congelados), destinados a atender de"
18132464000117_2026_65,MG,Coimbra,MUNICIPIO DE COIMBRA,2026-08-20,Pregão - Eletrônico,iluminacao_publica,1,,71647.8,70800.0,0.0118,indefinido,True,False,https://pncp.gov.br/app/editais/18132464000117/2026/65,[Portal de Compras Públicas] - Contratação de empresa especializada para prestação de serviços de manutenção preventiva e corretiva do sistema de iluminação pública do Município de Coimbra/MG para ate
18188219000121_2026_331,MG,São Lourenço,MUNICIPIO DE SAO LOURENCO,2026-08-28,Pregão - Eletrônico,munck,1,,237792.0,234000.0,0.0159,pontual,False,False,https://pncp.gov.br/app/editais/18188219000121/2026/331,"Prestação de serviços especializados na locação de caminhão Munck, com capacidade mínima de 45 t/m (quarenta e cinco toneladas/metro), com 20 m (vinte metros) de lança, instalado em caminhão de três e"
18242792000176_2026_147,MG,Poço Fundo,MUNICIPIO DE POCO FUNDO,2026-08-21,Pregão - Eletrônico,climatizacao,1,,42252.33,29272.0,0.3072,indefinido,True,False,https://pncp.gov.br/app/editais/18242792000176/2026/147,"REGISTRO DE PRECOS PARA FUTURAS E EVENTUAIS CONTRATACOES DE EMPRESA ESPECIALIZADA NA PRESTACAO DE SERVICOS DE MANUTENCAO DE APARELHOS DE AR CONDICIONADO INSTALADOS NOS PREDIOS PUBLICOS MUNICIPAIS, CON"
18244376000107_2026_137,MG,Lavras,MUNICIPIO DE LAVRAS,2026-07-02,Pregão - Eletrônico,climatizacao,0,fornecimento_puro,80.85,83.10000000000001,-0.0278,pontual,False,False,https://pncp.gov.br/app/editais/18244376000107/2026/137,"[Portal de Compras Públicas] - Registro de preço para futura e eventual aquisição de materiais e insumos destinados  à manutenção de vias urbanas e rurais, pontes, mata-burros, sinalização viária, bem"
18245167000188_2026_106,MG,Três Pontas,MUNICIPIO DE TRES PONTAS,2026-07-15,Pregão - Eletrônico,munck,0,fornecimento_puro,11004.54,7110.199999999999,0.3539,pontual,True,False,https://pncp.gov.br/app/editais/18245167000188/2026/106,"AQUISIÇÃO DE MATERIAIS PARA MOVIMENTAÇÃO, IÇAMENTO, AMARRAÇÃO E FIXAÇÃO DE CARGAS, COMPREENDENDO CINTAS DE AMARRAÇÃO COM CATRACA, MANILHAS E CINTAS DE ELEVAÇÃO DE CARGA COM DIFERENTES CAPACIDADES E CO"
18245183000170_2026_136,MG,Santana da Vargem,MUNICIPIO DE SANTANA DA VARGEM,2026-09-16,Pregão - Eletrônico,iluminacao_publica,0,mencao_passagem,0.0,,,pontual,False,False,https://pncp.gov.br/app/editais/18245183000170/2026/136,"[Portal de Compras Públicas] - Pregão eletrônico visando o registro de preços para futura e eventual contratação de empresas especializadas para locação e prestação de serviços de montagem, desmontage"
18295329000192_2024_244,MG,Ouro Branco,MUNICIPIO DE OURO BRANCO,2026-08-17,Concorrência - Eletrônica,eletrica_predial,0,fora_escopo,1217056.02,530522.06,0.4218,continuado,False,False,https://pncp.gov.br/app/editais/18295329000192/2024/244,"CONTRATAÇÃO DE EMPRESA PARA EXECUÇÃO DA COBERTURA DA QUADRA LOCALIZADA NA COMUNIDADE JOÃO GOTE COM EXECUÇÃO DE ELÉTRICA, REFORMA DO PISO E FECHAMENTO LATERAL DA QUADRA."
18296681000142_2026_184,MG,Pompéu,MUNICIPIO DE POMPEU,2026-08-14,Pregão - Eletrônico,manutencao_predial,0,fora_escopo,4630579.4,3357170.06,0.275,indefinido,False,False,https://pncp.gov.br/app/editais/18296681000142/2026/184,"Registro de preços visando à contratação de empresa especializada para prestação de serviços comuns de engenharia destinados à manutenção predial preventiva, corretiva, pequenas adaptações e reformas"
18303697000135_2025_3,MG,Bonito de Minas,"CONSORCIO INTERMUNICIPAL NORTE MINEIRO DE DESENVOLVIMENTO REGIONAL DOS VALES DO CARINHANHA, COCHA, PERUACU, JAPORE E SAO FRANCISCO - CIMVALES",2026-08-21,Concorrência - Eletrônica,iluminacao_publica,0,equipamento_alto,102765206.66,46244342.997,0.55,pontual,False,False,https://pncp.gov.br/app/editais/18303697000135/2025/3,"Registro de Preços para “prestação de serviços de fornecimento de mão de obra acrescida dos respectivos encargos sociais e trabalhistas, bem como fornecimento de materiais e equipamentos elétricos, pa"
18338848000190_2026_57,MG,São João do Oriente,MUNICIPIO DE SAO JOAO DO ORIENTE,2026-08-24,Pregão - Eletrônico,climatizacao,1,,153474.31,52999.829999999994,0.6547,indefinido,True,False,https://pncp.gov.br/app/editais/18338848000190/2026/57,"REGISTRO DE PREÇOS PARA A CONTRATAÇÃO DE EMPRESA ESPECIALIZADA PARA PRESTAÇÃO DE SERVIÇOS MANUTENÇÃO CORRETIVA E PREVENTIVA EM APARELHOS DE AR – CONDICIONADO E EQUIPAMENTOS DE REFRIGERAÇÃO, PARA ATEND"
18347419000180_2026_20,MG,Santa Maria do Salto,MUNICIPIO DE SANTA MARIA DO SALTO,2026-08-25,Pregão - Eletrônico,eletrica_predial,0,fornecimento_puro,13445559.9,1795539.76,0.0227,pontual,False,False,https://pncp.gov.br/app/editais/18347419000180/2026/20,"Aquisição parcelada, sob demanda, de materiais de construção, ferramentas, equipamentos de proteção individual (EPI's), tintas, materiais elétricos, hidráulicos, madeira e pré-moldados, visando a manu"
18362730000106_2025_13,GO,Buritinópolis,CONSORCIO INTERMUNICIPAL DE SANEAMENTO BASICO E AMBIENTAL NORDESTE GOIANO - CISBAN - GO,2026-01-12,Pregão - Eletrônico,iluminacao_publica,0,equipamento_alto,51350000.0,46385000.0,0.0967,pontual,False,False,https://pncp.gov.br/app/editais/18362730000106/2025/13,"[Portal de Compras Públicas] - o registro de preços para contratação de empresa para a aquisição de torre inteligente de  iluminação pública e prestação de serviços por empresa certificada e homologa"
18409227000150_2026_81,MG,Peçanha,MUNICIPIO DE PECANHA,2026-09-01,Pregão - Eletrônico,munck,0,fornecimento_puro,1108000.0,932000.0,0.1588,pontual,False,False,https://pncp.gov.br/app/editais/18409227000150/2026/81,"Aquisição de 01 caminhão tipo chassi, novo, com prancha para transporte de máquinas, guincho redutor de arrasto e guindaste hidráulico tipo Munck, destinado à Secretaria Municipal de Obras, Transporte"
18423582000184_2026_119,MG,Lagoa da Prata,SERVICO AUTONOMO DE AGUA E ESGOTO,2026-09-02,Pregão - Eletrônico,climatizacao,0,equipamento_alto,8863.0,6549.99,0.261,pontual,False,False,https://pncp.gov.br/app/editais/18423582000184/2026/119,AQUISIÇÃO DE APARELHOS DE AR CONDICIONADO PARA E.T.A RIO GRANDE DO SUL
18428847000137_2026_101,MG,Pirajuba,MUNICIPIO DE PIRAJUBA,2026-07-20,Concorrência - Eletrônica,munck,0,equipamento_alto,486635.08,469600.55,0.035,indefinido,False,False,https://pncp.gov.br/app/editais/18428847000137/2026/101,[LICITANET] - CONTRATAÇÃO DE EMPRESA ESPECIALIZADA PARA PRESTAÇÃO DE SERVIÇOS DE ENGENHARIA PARA EXECUÇÃO DE SERVIÇOS COMPLEMENTARES E INFRAESTRUTURA DA UNIDADE BÁSICA DE SAÚDE (UBS) TIPO I - PIRAJUBA
18457259000121_2026_25,MG,Ipiaçu,MUNICIPIO DE IPIACU,2026-08-21,Pregão - Eletrônico,iluminacao_publica,0,fornecimento_puro,271016.34,251331.0,0.0726,pontual,True,False,https://pncp.gov.br/app/editais/18457259000121/2026/25,"[LICITANET] - AQUISIÇÃO DE JANELAS DESTINADAS À MANUTENÇÃO, ADEQUAÇÃO E MELHORIA DA ESTRUTURA FÍSICA DAS ESCOLAS DA REDE MUNICIPAL DE ENSINO E DOS DEMAIS DEPARTAMENTOS E ÓRGÃOS DA ADMINISTRAÇÃO PÚBLIC"
18477315000190_2026_31,MG,Carlos Chagas,MUNICIPIO DE CARLOS CHAGAS,2026-07-03,Pregão - Eletrônico,refrigeracao,0,fora_escopo,717418.3,350164.3,0.5119,pontual,False,False,https://pncp.gov.br/app/editais/18477315000190/2026/31,"Registro de Preço para futura e eventual e futura contratação de serviços de instalação e manutenção de condicionadores de ar, bem como serviços de manutenção de geladeiras, freezers e bebedouros"
18663401000197_2026_219,MG,Guaxupé,MUNICIPIO DE GUAXUPE,2026-09-02,Pregão - Eletrônico,eletrica_predial,0,fornecimento_puro,731003.38,331545.6,0.5465,pontual,False,False,https://pncp.gov.br/app/editais/18663401000197/2026/219,"Futura e eventual aquisição de materiais elétricos destinados à instalação, manutenção e funcionamento da decoração natalina do evento “Natal de Luz”, para atender as demandas da Secretaria Municipal "
18675975000185_2026_94,MG,Cambuí,MUNICIPIO DE CAMBUI,2026-06-25,Pregão - Eletrônico,manutencao_predial,0,fora_escopo,3244534.13,2691765.2800000007,0.1137,pontual,False,False,https://pncp.gov.br/app/editais/18675975000185/2026/94,"EDITAL DE PREGÃO ELETRÔNICO, PELO SISTEMA DE REGISTRO DE PREÇOS, OBJETIVANDO registrar o menor preço para CONTRATAÇÃO DE EMPRESA ESPECIALIZADA PARA A PRESTAÇÃO DE SERVIÇOS DE MANUTENÇÃO PREDIAL PREVEN"
18677609000165_2025_80,MG,Conceição dos Ouros,MUNICIPIO DE CONCEICAO DOS OUROS,2026-08-31,Pregão - Eletrônico,iluminacao_publica,0,equipamento_alto,2831385.31,1601199.3,0.4345,indefinido,False,False,https://pncp.gov.br/app/editais/18677609000165/2025/80,"Contratação de Empresa para Locação de Tendas, Banheiros Quimicos, Palcos, Gradil, Camarim, Som/Iluminação, Gerador, Trio Elétrico, Pórtico, Fechamentos, Mesas e Cadeiras, Porticos entre outros para o"
19607632000146_2026_9,TO,Lagoa da Confusão,SECRETARIA MUNICIPAL DE EDUCACAO E CULTURA,2026-05-04,Pregão - Eletrônico,eletrica_predial,0,fornecimento_puro,339201.81,193507.7,0.0,pontual,False,False,https://pncp.gov.br/app/editais/19607632000146/2026/9,"AQUISIÇÃO DE MATERIAIS DE CONSTRUÇÃO CIVIL, ELÉTRICOS E HIDRÁULICOS PARA MANUTENÇÃO, RECUPERAÇÃO E REPAROS PREVENTIVOS DAS UNIDADES ESCOLARES VINCULADAS AO FUNDO MUNICIPAL DE EDUCAÇÃO."
19645908000180_2026_4,GO,Cidade Ocidental,FUNDO MUNICIPAL DE EDUCACAO - FME,2026-07-07,Pregão - Eletrônico,climatizacao,0,fornecimento_puro,133184.12,76680.0,0.4243,pontual,False,False,https://pncp.gov.br/app/editais/19645908000180/2026/4,"CONTRATAÇÃO DE EMPRESA ESPECIALIZADA PARA AQUISIÇÃO DE MATERIAIS E INSUMOS DESTINADOS À INSTALAÇÃO DOS SISTEMAS DE CLIMATIZAÇÃO (AR-CONDICIONADO), VISANDO ATENDER ÀSNECESSIDADES DA SECRETARIA MUNICIPA"
20267427000168_2025_85,MS,Dourados,FUNDACAO DE SERVICOS DE SAUDE DE DOURADOS,2026-01-22,Pregão - Eletrônico,manutencao_predial,0,fornecimento_puro,196085.23,72794.22000000002,0.4135,pontual,True,False,https://pncp.gov.br/app/editais/20267427000168/2025/85,REGISTRO DE PREÇOS para futura e eventual aquisição de materiais para infraestrutura e manutenção predial destinados a suprir as necessidades das Unidades do Hospital da Vida e Unidade de Pronto Atend
20669834000100_2026_36,MG,Ituiutaba,ITUIUTABA - CAMARA MUNICIPAL,2026-08-23,Pregão - Eletrônico,eletrica_predial,1,,413040.0,305000.0,0.2616,pontual,False,False,https://pncp.gov.br/app/editais/20669834000100/2026/36,[LICITANET] - REGISTRO DE PREÇOS PARA FUTURA E PROVÁVEL CONTRATAÇÃO DE EMPRESA ESPECIALIZADA PARA PRESTAÇÃO DE SERVIÇOS DE PEQUENOS REPAROS E MANUTENÇÃO PREDIAL PREVENTIVA E CORRETIVA NAS DEPENDÊNCIAS
20905865000104_2026_81,MG,Inhapim,MUNICIPIO DE INHAPIM,2026-06-30,Pregão - Eletrônico,refrigeracao,0,fornecimento_puro,25910.68,25900.0,0.0004,pontual,True,False,https://pncp.gov.br/app/editais/20905865000104/2026/81,REGISTRO DE PREÇOS PARA AQUISIÇÃO DE PEÇAS E EQUIPAMENTOS PARA MANUTENÇÃO NA CÂMARA FRIA DESTE MUNICIPIO.
21744847000150_2025_1074,GO,Goiânia,BASE ADMINISTRATIVA DO QUARTEL-GENERAL DO EXERCITO,2025-08-06,Pregão - Eletrônico,eletrica_predial,0,fora_escopo,14244343.37,7444130.0,0.4774,pontual,False,False,https://pncp.gov.br/app/editais/21744847000150/2025/1074,"Registro de Preços para futura e eventual Contratação de empresa especializada na prestação de serviço de limpeza, manutenção, adequações sanitárias de poços artesianos, perfuração de poços, limpeza e"
21744847000150_2025_1952,GO,Jataí,BASE ADMINISTRATIVA DO QUARTEL-GENERAL DO EXERCITO,2025-08-15,Pregão - Eletrônico,eletrica_predial,0,equipamento_alto,101246.72,60018.7,0.4072,indefinido,True,False,https://pncp.gov.br/app/editais/21744847000150/2025/1952,"Contratação de serviços de manutenção de roçadeiras, sopradores de ar, geradores de energia elétrica e de ares-condicionados, para atender as necessidades do 41º Batalhão de Infantaria Mecanizado."
22100219000103_2025_6,GO,Aparecida de Goiânia,FUNDO ESPECIAL MUNICIPAL PARA O CORPO DE BOMBEIROS MILITAR DO ESTADO DE GOIAS - FEMBOM,2025-12-16,Pregão - Eletrônico,climatizacao,1,,86592.55,58000.0,0.3302,pontual,False,False,https://pncp.gov.br/app/editais/22100219000103/2025/6,"CONTRATAÇÃO DE EMPRESA ESPECIALIZADA PARA PRESTAÇÃO DE SERVIÇOS, SOB DEMANDA, RELACIONADOS À MANUTENÇÃO PREVENTIVA, CORRETIVA, INSTALAÇÃO E REMOÇÃO DE APARELHOS DE AR CONDICIONADO, COM FORNECIMENTO DE"
22794608000178_2026_9,MT,Cáceres,SERVICO DE SANEAMENTO AMBIENTAL AGUAS DO PANTANAL,2026-07-13,Pregão - Eletrônico,eletrica_predial,0,fornecimento_puro,1034662.14,179229.00000000006,0.0001,pontual,False,False,https://pncp.gov.br/app/editais/22794608000178/2026/9,FUTURA E EVENTUAL AQUISIÇÃO DE MATERIAIS ELÉTRICOS E EQUIPAMENTOS DE PROTEÇÃO INDIVIDUAL E COLETIVA
24121284000132_2026_10,GO,Nerópolis,FUNDO MUNICIPAL DE EDUCACAO DE NEROPOLIS - FME,2026-04-01,Pregão - Eletrônico,iluminacao_publica,0,mencao_passagem,4852813.85,2191290.0,0.5484,pontual,False,False,https://pncp.gov.br/app/editais/24121284000132/2026/10,"Futura e eventual contratação de empresa especializada para locação, montagem, manutenção e desmontagem de estruturas destinadas à realização de eventos, compreendendo palco, sonorização, iluminação, "
24644502000113_2026_12,MS,Vicentina,MUNICIPIO DE VICENTINA,2026-06-22,Pregão - Presencial,iluminacao_publica,0,mencao_passagem,264385.01,264300.0,0.0003,pontual,False,False,https://pncp.gov.br/app/editais/24644502000113/2026/12,"Contratação de empresa especializada na organização e produção de evento cultural, com fornecimento de toda a estrutura necessária, com montagem e desmontagem, incluindo arena, bretes, sistema de som "
24651200000172_2026_102,MS,Chapadão do Sul,MUNICIPIO DE CHAPADAO DO SUL,2026-07-07,Concorrência - Eletrônica,iluminacao_publica,0,mencao_passagem,480331.32,433200.0,0.0981,indefinido,False,False,https://pncp.gov.br/app/editais/24651200000172/2026/102, contratação de empresa especializada em serviços de engenharia para execução da obra de construção de arquibancadas em concreto armado e implantação de sistema de iluminação pública na Praça de Event
24672727000183_2026_28,MT,Primavera do Leste,PRIMAVERA DO LESTE CAMARA MUNICIPAL,2026-08-24,Pregão - Eletrônico,manutencao_predial,0,fora_escopo,0.0,6.0,,continuado,False,False,https://pncp.gov.br/app/editais/24672727000183/2026/28,"[LICITANET] - bjeto: Registro de preços para futura e eventual contratação de empresa especializada na prestação de serviços comuns de engenharia, de natureza continuada, com execução sob demanda, des"
24772162000106_2026_147,MT,Nova Mutum,MUNICIPIO DE NOVA MUTUM,2026-07-29,Concorrência - Eletrônica,iluminacao_publica,1,,695078.65,695078.65,0.0,indefinido,False,False,https://pncp.gov.br/app/editais/24772162000106/2026/147,"CONTRATAÇÃO DE EMPRESA ESPECIALIZADA PARA EXECUÇÃO DE SERVIÇOS DE INSTALAÇÃO ELÉTRICA PARA ILUMINAÇÃO DOS LAGOS PÚBLICOS, NAS ÁREAS DO LAGO 06, 07, 08 E 09, ÁREA URBANA DE NOVA MUTUM/MT CONFORME PLANI"
24772162000106_2026_165,MT,Nova Mutum,MUNICIPIO DE NOVA MUTUM,2026-09-03,Pregão - Eletrônico,iluminacao_publica,0,fornecimento_puro,2892501.44,1874837.9000000001,0.3514,pontual,False,True,https://pncp.gov.br/app/editais/24772162000106/2026/165,"REGISTRO DE PREÇOS PARA FUTURA E EVENTUAL AQUISIÇÃO DE MATERIAIS ELÉTRICOS DE ILUMINAÇÃO PÚBLICA, PARA ATENDER ÀS NECESSIDADES DA SECRETARIA MUNICIPAL DE INFRAESTRUTURA E OBRAS"
24772162000106_2026_39,MT,Nova Mutum,MUNICIPIO DE NOVA MUTUM,2026-03-02,Pregão - Eletrônico,manutencao_predial,0,fora_escopo,869053.92,757176.36,0.1287,continuado,False,False,https://pncp.gov.br/app/editais/24772162000106/2026/39,"CONTRATAÇÃO DE EMPRESA ESPECIALIZADA NA PRESTAÇÃO DE SERVIÇOS CONTÍNUOS DE LIMPEZA E HIGIENE, MANUTENÇÃO E CONSERVAÇÃO PREDIAL, QUE POSSUA PESSOAL PARA PRESTAR SERVIÇO DE SERVENTE DE LIMPEZA, A FIM DE"
24772188000154_2026_67,MT,Matupá,MUNICIPIO DE MATUPA,2026-05-11,Pregão - Eletrônico,munck,0,fora_escopo,6053002.62,158212.86000000002,0.3582,continuado,False,True,https://pncp.gov.br/app/editais/24772188000154/2026/67,"PREGÃO ELETRÔNICO SISTEMA REGISTRO DE PREÇOS PARA FUTURA E EVENTUAL AQUISIÇÃO DE MEDICAMENTOS, REAGENTES PARA LABORATÓRIO, MATERIAIS ODONTOLÓGICOS, INSTRUMENTAIS CIRÚRGICOS, INSUMOS E MATERIAIS MÉDICO"
24772220000100_2026_23,MT,Lucas do Rio Verde,LUCAS DO RIO VERDE CAMARA MUNICIPAL,2026-03-18,Pregão - Eletrônico,refrigeracao,0,fora_escopo,122426.91,51717.19999999999,0.1745,continuado,False,False,https://pncp.gov.br/app/editais/24772220000100/2026/23,"PREGÃO ELETRÔNICO COM REGISTRO DE PREÇOS PARA CONTRATAÇÃO DE EMPRESA ESPECIALIZADA PARA MANUTENÇÃO PREVENTIVA E CORRETIVA DOS EQUIPAMENTOS DE AR CONDICIONADO, FRIGOBARES E BEBEDOUROS DA CÂMARA MUNICIP"
24850109000186_2026_46,GO,Itaguari,MUNICIPIO DE ITAGUARI,2026-07-31,Pregão - Presencial,munck,1,,166658.04,144000.0,0.136,continuado,False,False,https://pncp.gov.br/app/editais/24850109000186/2026/46,"SOLICITA-SE A CONTRATAÇÃO DE EMPRESA PARA PRESTAÇÃO DE SERVIÇOS DE LOCAÇÃO DE UM CAMINHÃO COM CESTO AÉREO, A DIESEL, COM POTÊNCIA MÍNIMA DE 172 CV E CAPACIDADE PARA TRÊS PASSAGEIROS , A FIM DE ATENDER"
24856569000111_2025_604,GO,Buritinópolis,MUNICIPIO DE BURITINOPOLIS,2025-11-25,Pregão - Eletrônico,iluminacao_publica,0,equipamento_alto,1705568.0,1705568.0,0.0,pontual,False,False,https://pncp.gov.br/app/editais/24856569000111/2025/604,"contratação de empresa especializada para prestação de serviços, locação e fornecimento de estruturas e equipamentos necessários à realização evento e festividades oficiais do Município de Formoso, in"
24857096000177_2026_6,GO,Bonfinópolis,MUNICIPIO DE BONFINOPOLIS,2026-02-20,Pregão - Presencial,iluminacao_publica,0,fornecimento_puro,380955.92,376086.364,0.0128,pontual,False,False,https://pncp.gov.br/app/editais/24857096000177/2026/6,"REGISTRO DE PREÇO PARA AQUISIÇÃO EVENTUAL E FUTURA DE MATERIAIS ELÉTRICOS DESTINADOS A ILUMINAÇÃO PÚBLICA, CONFORME ESPECIFICAÇÕES CONSTANTES NO ESTUDO TÉCNICO PRELIMINAR E TERMO DE REFERÊNCIA ANEXO I"
24859316000100_2025_211,GO,Aparecida do Rio Doce,MUNICIPIO DE APARECIDA DO RIO DOCE,2025-07-25,Pregão - Eletrônico,eletrica_predial,0,fornecimento_puro,565994.22,61700.899999999994,0.4614,pontual,False,False,https://pncp.gov.br/app/editais/24859316000100/2025/211,"AQUISIÇÃO DE MATERIAIS ELÉTRICOS DIVERSOS, DESTINADOS A MANUTENÇÃO, CONSERVAÇÃO E MELHORIAS DAS INSTALAÇÕES ELÉTRICAS DOS PRÉDIOS PÚBLICOS VINCULADOS A SECRETARIA MUNICIPAL DE ADMINISTRAÇÃO E DEMAIS S"
24859316000100_2026_208,GO,Aparecida do Rio Doce,MUNICIPIO DE APARECIDA DO RIO DOCE,2026-07-22,Pregão - Eletrônico,eletrica_predial,0,fornecimento_puro,769107.91,73337.0,0.54,pontual,False,False,https://pncp.gov.br/app/editais/24859316000100/2026/208,"AQUISIÇÃO DE MATERIAIS ELÉTRICOS DIVERSOS, DESTINADOS A MANUTENÇÃO, CONSERVAÇÃO E MELHORIAS DAS INSTALAÇÕES ELÉTRICAS PÚBLICAS E DOS PRÉDIOS PÚBLICOS DO MUNICÍPIO DE APARECIDA DO RIO DOCE/GO E SEUS RE"
24859324000148_2026_41,GO,Perolândia,MUNICIPIO DE PEROLANDIA,2026-02-24,Pregão - Presencial,iluminacao_publica,0,fornecimento_puro,1201524.93,260877.2,0.4745,pontual,False,False,https://pncp.gov.br/app/editais/24859324000148/2026/41,"AQUISIÇÃO DE MATERIAIS ELÉTRICOS PARA INFRAESTRUTURA, MATERIAIS DE ILUMINAÇÃO (LÂMPADAS, LUMINÁRIAS E ETC) E DEMAIS MATERIAIS BÁSICOS INERENTES, OS QUAIS SERÃO DESTINADOS À EXECUÇÃO E MANUTENÇÃO DE PR"
24859332000194_2024_102,GO,Chapadão do Céu,MUNICIPIO DE CHAPADAO DO CEU,2024-12-02,Pregão - Eletrônico,munck,0,fora_escopo,4590066.75,96183.06999999998,0.2181,pontual,False,True,https://pncp.gov.br/app/editais/24859332000194/2024/102,REGISTRO DE PREÇOS PARA EVENTUAL AQUISIÇÃO DE MEDICAMENTOS E MATERIAIS DE CONSUMO PARA ATENDIMENTO À FARMÁCIA BÁSICA E HOSPITAL MUNICIPAL SANTA LUZIA.
24859332000194_2025_110,GO,Chapadão do Céu,MUNICIPIO DE CHAPADAO DO CEU,2025-08-07,Pregão - Eletrônico,eletrica_predial,0,fornecimento_puro,266743.46,174476.55000000002,0.3459,pontual,False,False,https://pncp.gov.br/app/editais/24859332000194/2025/110,"REGISTRO DE PREÇO PARA AQUISIÇÃO DE MATERIAIS ELÉTRICOS, ITENS DE MANUTENÇÃO E ESTRUTURAS DESTINADOS À DECORAÇÃO NATALINA DE 2025, CONFORME AS NECESSIDADES DA SECRETARIA MUNICIPAL DE CULTURA E TURISMO"
24859332000194_2025_30,GO,Chapadão do Céu,MUNICIPIO DE CHAPADAO DO CEU,2025-04-01,Pregão - Eletrônico,climatizacao,1,,360429.03,248540.0,0.3104,pontual,False,False,https://pncp.gov.br/app/editais/24859332000194/2025/30,"REGISTRO DE PREÇOS PARA EVENTUAL CONTRATAÇÃO DE EMPRESA ESPECIALIZADA NA PRESTAÇÃO DE NA PRESTAÇÃO DE SERVIÇOS DE LIMPEZA E HIGIENIZAÇÃO, MANUTENÇÃO PREVENTIVA E CORRETIVA NOS EQUIPAMENTOS DE AR-CONDI"
24859332000194_2026_1,GO,Chapadão do Céu,MUNICIPIO DE CHAPADAO DO CEU,2026-01-05,Pregão - Eletrônico,munck,0,fora_escopo,1630348.54,102256.73,0.175,pontual,False,False,https://pncp.gov.br/app/editais/24859332000194/2026/1,"REGISTRO DE PREÇOS PARA EVENTUAL AQUISIÇÃO DE MEDICAMENTOS PARA ATENDIMENTO À FARMÁCIA HOSPITALAR DO HOSPITAL MUNICIPAL SANTA LUZIA E FARMÁCIAS BÁSICAS DO MUNICÍPIO DE CHAPADÃO DO CÉU, SOB FUNDAMENTO "
24859332000194_2026_15,GO,Chapadão do Céu,MUNICIPIO DE CHAPADAO DO CEU,2026-01-15,Pregão - Eletrônico,iluminacao_publica,0,fornecimento_puro,2822775.0,995370.0,0.6474,pontual,False,False,https://pncp.gov.br/app/editais/24859332000194/2026/15,"REGISTRO DE PREÇO PARA AQUISIÇÃO DE MATERIAIS VOLTADOS A ILUMINAÇÃO PÚBLICA QUE SERÃO UTILIZADOS PELA SECRETARIA DE TRANSPORTES, OBRAS E AÇÃO URBANA, SOB FUNDAMENTO LEGAL: ART. 28, INCISO I, C/C ART. "
24859332000194_2026_163,GO,Chapadão do Céu,MUNICIPIO DE CHAPADAO DO CEU,2026-03-13,Pregão - Eletrônico,iluminacao_publica,0,fornecimento_puro,292252.87,140302.9,0.5199,pontual,False,False,https://pncp.gov.br/app/editais/24859332000194/2026/163,"REGISTRO DE PREÇO PARA AQUISIÇÃO DE MATERIAIS ELÉTRICO PARA ILUMINAÇÃO ÁREA VERDE 01, ILUMINAÇÃO ÁREA VERDE 02, ILUMINAÇÃO CANIL E ILUMINAÇÃO PARQUE DOS BURITIS, SOB FUNDAMENTO LEGAL: ART. 28, INCISO "
24859332000194_2026_175,GO,Chapadão do Céu,MUNICIPIO DE CHAPADAO DO CEU,2026-03-17,Pregão - Eletrônico,climatizacao,1,,123740.0,116299.95999999999,0.0601,pontual,False,False,https://pncp.gov.br/app/editais/24859332000194/2026/175,"REGISTRO DE PREÇOS PARA CONTRATAÇÃO DE EMPRESA ESPECIALIZADA NA PRESTAÇÃO DE SERVIÇOS DE MANUTENÇÃO PREVENTIVA E CORRETIVA, COM LIMPEZA E HIGIENIZAÇÃO, EM APARELHOS DE AR CONDICIONADO (TIPO SPLIT E JA"
24859332000194_2026_299,GO,Chapadão do Céu,MUNICIPIO DE CHAPADAO DO CEU,2026-04-22,Pregão - Eletrônico,eletrica_predial,0,fornecimento_puro,1590430.0,376336.5,0.3299,pontual,False,False,https://pncp.gov.br/app/editais/24859332000194/2026/299,"REGISTRO DE PREÇO PARA AQUISIÇÃO DE MATERIAIS, PEÇAS E EQUIPAMENTOS DESTINADOS A EXECUÇÃO DE SERVIÇOS ELÉTRICOS, VISANDO ATENDER AS DEMANDAS DE IMPLANTAÇÕES E MANUTENÇÕES DA SECRETÁRIA DE TRANSPORTES,"
24859332000194_2026_385,GO,Chapadão do Céu,MUNICIPIO DE CHAPADAO DO CEU,2026-05-22,Pregão - Eletrônico,iluminacao_publica,0,mencao_passagem,1167898.98,392641.67,0.6638,pontual,False,False,https://pncp.gov.br/app/editais/24859332000194/2026/385,"REGISTRO DE PREÇO PARA CONTRATAÇÃO DE EMPRESA PROMOTORA DE EVENTOS, PARA EXECUÇÃO DOS SERVIÇOS DE: ORGANIZAÇÃO, ORNAMENTAÇÃO, PRESTADORES DE SERVIÇOS, LOCAÇÃO DE MOBÍLIA, ITENS DE CAMARIM, FORNECIMENT"
24950461000193_2026_21,MT,Juruena,MUNICIPIO DE JURUENA,2026-04-09,Concorrência - Presencial,munck,0,fornecimento_puro,121798.83,121798.83,0.0,pontual,False,False,https://pncp.gov.br/app/editais/24950461000193/2026/21,CONSTITUI OBJETO DA PRESENTE LICITAÇÃO A CONTRATAÇÃO DE EMPRESA ESPECIALIZADA PARA EXECUÇÃO DE OBRA DE ENGENHARIA ELÉTRICA DESTINADA À IMPLANTAÇÃO DO SISTEMA DE ILUMINAÇÃO DO CAMPO DE FUTEBOL DO MINIE
25004771000188_2026_31,GO,Trombas,MUNICIPIO DE TROMBAS,2026-04-30,Pregão - Presencial,iluminacao_publica,0,fornecimento_puro,943290.74,187313.66,0.4456,pontual,False,False,https://pncp.gov.br/app/editais/25004771000188/2026/31,REGISTRO DE PREÇOS AQUISIÇÃO PARCELADA DE MATERIAL ELÉTRICO PARA MANUTENÇÃO DOS ÓRGÃOS E ILUMINAÇÃO PÚBLICA DE TROMBAS – GO.
25005166000121_2025_255,GO,Montividiu do Norte,MUNICIPIO DE MONTIVIDIU DO NORTE,2025-12-11,Pregão - Presencial,iluminacao_publica,0,fornecimento_puro,583716.24,166116.7,0.0548,pontual,False,False,https://pncp.gov.br/app/editais/25005166000121/2025/255,"REQUERIMENTO PARA SOLICITAÇÃO DE ADESÃO DE ATA DE REGISTRO DE PREÇO PARA AQUISIÇÃO DE MATERIAIS ELÉTRICOS PARA MANUTENÇÃO DA ILUMINAÇÃO PÚBLICA, PARA ATENDER AS SECRETARIAS E ORGÃOS DO MUNICÍPIO DE MO"
25043530000148_2026_48,GO,Cezarina,MUNICIPIO DE CEZARINA,2026-06-30,Pregão - Presencial,iluminacao_publica,0,fornecimento_puro,700000.7,149811.2,0.0,pontual,False,True,https://pncp.gov.br/app/editais/25043530000148/2026/48,"REGISTRO DE PREÇOS PARA FUTURA E EVENTUAL AQUISIÇÃO DE MATERIAIS ELETRICOS E ILUMINAÇÃO PARA MANTER AS NECESSIDADES DA SECRETARIA DE OBRAS E SERVIÇOS URBANOS, BEM COMO OUTRAS SECRETARIAS E ORGAOS DA A"
25043621000183_2026_128,GO,Morro Agudo de Goiás,MUNICIPIO DE MORRO AGUDO DE GOIAS,2026-04-22,Pregão - Eletrônico,munck,1,,785800.3,168254.0,0.6223,pontual,False,False,https://pncp.gov.br/app/editais/25043621000183/2026/128,"CONTRATAÇÃO DE EMPRESA ESPECIALIZADA NO FORNECIMENTO DE MATERIAIS ELÉTRICOS E LOCAÇÃO DE CESTO AÉREO PARA MANUTENÇÃO DA ILUMINAÇÃO PÚBLICA DO MUNICÍPIO, POR MEIO DE PROCESSO LICITATÓRIO, COM RECURSOS "
25043621000183_2026_240,GO,Morro Agudo de Goiás,MUNICIPIO DE MORRO AGUDO DE GOIAS,2026-07-31,Pregão - Eletrônico,iluminacao_publica,0,mencao_passagem,723076.5,661851.5,0.0,indefinido,False,True,https://pncp.gov.br/app/editais/25043621000183/2026/240,"CONTRATAÇÃO DE EMPRESA ESPECIALIZA PARA PRESTAÇÃO DE SERVIÇOS DE LOCAÇÃO DE PALCO, SOM, ILUMINAÇÃO, GRADIL, BANHEIROS QUÍMICOS E VIP, GRUPO GERADOR, TUNEL, TENDAS PRA REALIZAÇÃO DAS FESTAS DURANTE O A"
25053133000157_2026_73,TO,Palmas,TRIBUNAL DE CONTAS DO ESTADO DO TOCANTINS,2026-08-04,Pregão - Eletrônico,eletrica_predial,0,fornecimento_puro,94020.81,26407.570000000003,0.0984,pontual,True,True,https://pncp.gov.br/app/editais/25053133000157/2026/73,"Aquisição de material de consumo e permanentes, tais como: O Material de Acondicionamento e Embalagem, Material para Manutenção de Bens Imóveis/Instalações, Material Elétrico e Eletrônico, Ferramentas"
25053190000136_2026_123,TO,Palmas,TRIBUNAL DE JUSTICA DO ESTADO DO TOCANTINS,2026-04-29,Pregão - Eletrônico,manutencao_predial,1,,17002654.2,14374755.6,0.1546,continuado,False,False,https://pncp.gov.br/app/editais/25053190000136/2026/123,"Contratação de pessoa jurídica para prestação de serviços continuados de manutenção predial preventiva e corretiva dos sistemas, dos equipamentos e das instalações, que compreenderá os serviços de man"
25063983000136_2026_8,TO,São Bento do Tocantins,MUNICIPIO DE SAO BENTO DO TOCANTINS,2026-07-02,Concorrência - Eletrônica,iluminacao_publica,0,mencao_passagem,579009.16,554003.42,0.0432,indefinido,False,False,https://pncp.gov.br/app/editais/25063983000136/2026/8,"[LICITANET] - Contratação de empresa especializada em engenharia para execução de obra de urbanização da entrada da cidade de São Bento do Tocantins/TO, compreendendo a execução de serviços preliminar"
25105255000140_2025_21,GO,Colinas do Sul,MUNICIPIO DE COLINAS DO SUL,2025-02-19,Pregão - Presencial,manutencao_predial,0,fora_escopo,1567105.63,306766.7823000001,0.2501,pontual,False,False,https://pncp.gov.br/app/editais/25105255000140/2025/21,"CONTRATAÇÃO DE EMPRESA ESPECIALIZADA PARA PRESTAR SERVIÇOS DE MANUTENÇÃO PREDIAL, CONTEMPLANDO O FORNECIMENTO DE MATERIAIS, EQUIPAMENTOS, FERRAMENTAS, EPIS ( EQUIPAMENTOS DE PROTEÇÃO INDIVIDUAL)  E MÃ"
25105339000183_2026_42,GO,Teresina de Goiás,MUNICIPIO DE TERESINA DE GOIAS,2026-08-20,Pregão - Eletrônico,eletrica_predial,0,fornecimento_puro,1353813.91,105702.8,0.1813,pontual,False,False,https://pncp.gov.br/app/editais/25105339000183/2026/42,"[LICITANET] - CONTRATAÇÃO DE EMPRESA ESPECIALIZADA PARA O FORNECIMENTO, DE FORMA PARCELADA, DE MATERIAIS DE CONSTRUÇÃO, HIDRÁULICOS, ELÉTRICOS, FERRAMENTAS E DEMAIS INSUMOS CORRELATOS, DESTINADOS À MA"
25107517000105_2025_304,GO,Santa Fé de Goiás,MUNICIPIO DE SANTA FE DE GOIAS,2025-09-22,Pregão - Eletrônico,munck,1,,206632.8,206632.8,0.0,pontual,False,False,https://pncp.gov.br/app/editais/25107517000105/2025/304,ABERTURA DE PROCESSO LICITATÓRIO PARA LOCAÇÃO DE CAMINHÃO SKY COM CESTO AÉREO E OPERADOR.
25107525000151_2024_237,GO,Senador Canedo,MUNICIPIO DE SENADOR CANEDO,2024-10-22,Pregão - Eletrônico,refrigeracao,1,,561034.65,473753.6,0.1556,pontual,False,False,https://pncp.gov.br/app/editais/25107525000151/2024/237,"[Portal de Compras Públicas] - REGISTRO DE PREÇOS PARA FUTURA E EVENTUAL CONTRATAÇÃO DE EMPRESA PARA  PRESTAÇÃO DE SERVIÇOS DE MANUTENÇÃO PREVENTIVA E CORRETIVA, DESINSTALAÇÃO,  INSTALAÇÃO E REALOCA"
25107525000151_2025_123,GO,Senador Canedo,MUNICIPIO DE SENADOR CANEDO,2025-04-29,Pregão - Eletrônico,climatizacao,1,,348555.8,98900.0,0.7163,indefinido,False,False,https://pncp.gov.br/app/editais/25107525000151/2025/123,"[Portal de Compras Públicas] - REGISTRO DE PREÇOS PARA FUTURA CONTRATAÇÃO DE EMPRESA ESPECIALIZADA EM PRESTAÇÃO DE SERVIÇOS DE INSTALAÇÃO E DESINSTALAÇÃO, MANUTENÇÃO PREVENTIVA E CORRETIVA EM APARELHO"
25107525000151_2025_160,GO,Senador Canedo,MUNICIPIO DE SENADOR CANEDO,2025-05-23,Pregão - Eletrônico,manutencao_predial,0,obra_grande,17123285.63,17123285.63,0.0,pontual,False,False,https://pncp.gov.br/app/editais/25107525000151/2025/160,"Reforma, Recuperação, Ampliação, Demolição, Adaptação e Manutenção Predial (Pequenas Reformas), com  Fornecimento de Peças, Equipamentos, Materiais e Mão De Obra (Sistema Nacional de Pesquisa de Custo"
25107525000151_2025_283,GO,Senador Canedo,MUNICIPIO DE SENADOR CANEDO,2025-09-10,Pregão - Eletrônico,climatizacao,0,fornecimento_puro,176513.81,126500.0,0.2833,pontual,False,False,https://pncp.gov.br/app/editais/25107525000151/2025/283,[Portal de Compras Públicas] - REGISTRO DE PREÇO PARA FUTURA E EVENTUAL CONTRATAÇÃO DE EMPRESA ESPECIALIZADA PARA AQUISIÇÃO E INSTALAÇÃO DE APARELHOS DE AR CONDICIONADOS PARA A NOVA SEDE DO SENAPREV.
25107525000151_2025_359,GO,Senador Canedo,MUNICIPIO DE SENADOR CANEDO,2025-11-18,Pregão - Eletrônico,manutencao_predial,0,equipamento_alto,594098.39,309192.16000000003,0.0254,continuado,False,False,https://pncp.gov.br/app/editais/25107525000151/2025/359,"[Portal de Compras Públicas] - CONTRATAÇÃO DE EMPRESA ESPECIALIZADA PARA FORNECIEMNTO, INSTALAÇÃO, CONFIGURAÇÃO E MANUTENÇÃO DE SISITEMA INTEGRADO DE AUTOMAÇÃO PREDIAL PARA A NOVA SEDE DO SENAPREV."
25107525000151_2025_367,GO,Senador Canedo,MUNICIPIO DE SENADOR CANEDO,2025-11-25,Pregão - Eletrônico,climatizacao,1,,1986495.34,1395979.16,0.6748,pontual,False,False,https://pncp.gov.br/app/editais/25107525000151/2025/367,"[Portal de Compras Públicas] - REGISTRO DE PREÇOS PARA FUTURA E EVENTUAL CONTRATAÇÃO DE EMPRESA PARA EXECUTAR SERVIÇOS DE MANUTENÇÃO PREVENTIVA, CORRETIVA, INSTALAÇÃO E DESINSTALAÇÃO DE APARELHOS DE A"
25107525000151_2025_369,GO,Senador Canedo,MUNICIPIO DE SENADOR CANEDO,2025-11-25,Pregão - Eletrônico,refrigeracao,1,,155485.67,155399.99,0.0006,pontual,False,False,https://pncp.gov.br/app/editais/25107525000151/2025/369,[Portal de Compras Públicas] - REGISTRO DE PREÇOS PARA FUTURA E EVENTUAL CONTRATAÇÃO DE EMPRESA ESPECIALIZADA PARA PRESTAÇÃO DE SERVIÇOS DE MANUTENÇÃO PREVENTIVA E CORRETIVA COM REPOSIÇÃO DE PEÇAS EM 
25107525000151_2026_296,GO,Senador Canedo,MUNICIPIO DE SENADOR CANEDO,2026-06-10,Pregão - Eletrônico,climatizacao,1,,520743.18,264998.5,0.4911,pontual,False,False,https://pncp.gov.br/app/editais/25107525000151/2026/296,"[Portal de Compras Públicas] - REGISTRO DE PREÇOS PARA FUTURA E EVENTUAL CONTRATAÇÃO DE EMPRESA PARA EXECUTAR SERVIÇOS DE MANUTENÇÃO PREVENTIVA, CORRETIVA, INSTALAÇÃO E DESINSTALAÇÃO DE APARELHOS DE A"
25107525000151_2026_331,GO,Senador Canedo,MUNICIPIO DE SENADOR CANEDO,2026-07-14,Pregão - Eletrônico,iluminacao_publica,0,equipamento_alto,14997843.77,13704069.869999997,0.0,pontual,False,False,https://pncp.gov.br/app/editais/25107525000151/2026/331,"Adesão a  Ata de Registro de Preço n° 001.2025, do Consorcio Público Intermunicipal Multifinalitário da AMAG - CIMAG, cujo o objeto é Registro de Preços na forma de licitação compartilhada para futura"
25107657000183_2025_24,GO,Turvelândia,MUNICIPIO DE TURVELANDIA,2025-10-29,Pregão - Eletrônico,iluminacao_publica,0,obra_grande,5052645.64,3927640.0,0.2227,indefinido,False,False,https://pncp.gov.br/app/editais/25107657000183/2025/24,"ADESÃO A ATA DE REGISTRO DE PREÇOS Nº 012/2024 DECORRENTE DO PROCESSO ADMINISTRATIVO N. 038/2024, PREGÃO ELETRÔNICO Nº 021/2024, DO CONSÓRCIO PÚBLICO INTERMUNICIPAL NORTE E LESTE MARANHENSE-CONLESTE P"
25107657000183_2025_41,GO,Turvelândia,MUNICIPIO DE TURVELANDIA,2025-12-03,Pregão - Eletrônico,iluminacao_publica,0,equipamento_alto,399310.1,250000.0,0.3739,indefinido,False,False,https://pncp.gov.br/app/editais/25107657000183/2025/41,"CONTRATAÇÃO DE EMPRESA ESPECIALIZADA NA PRESTAÇÃO DE SERVIÇOS DE LOCAÇÃO DE ESTRUTURAS TIPO: PALCO, SOM, ILUMINAÇÃO, PAINÉIS DE LED, CAMARINS, GERADORES DE ENERGIA, SEGURANÇA DESARMADA(NOTURNO) E OUTR"
25107657000183_2026_60,GO,Turvelândia,MUNICIPIO DE TURVELANDIA,2026-06-03,Pregão - Eletrônico,iluminacao_publica,0,mencao_passagem,2477950.79,730314.0,0.5704,indefinido,False,False,https://pncp.gov.br/app/editais/25107657000183/2026/60,"Contratação de empresa especializada para locação de estrutura completa para realização de evento, contemplando som, iluminação, palco, banheiros, fechamentos, geradores, estrutura completa para a rea"
25141524000123_2025_100,GO,Goiânia,SECRETARIA MUNICIPAL DE SAUDE,2025-10-10,Pregão - Eletrônico,climatizacao,1,,9204961.0,7360520.0,0.2004,pontual,False,False,https://pncp.gov.br/app/editais/25141524000123/2025/100,"Contratação de empresa, por meio de SRPREÇOS, para realização de serviços técnicos especializados em processos de planejamento, especificação, programação e execução de manutenção preventiva e correti"
25269069000146_2026_37,MG,Três Pontas,SERVICO AUTONOMO DE AGUA E ESGOTO,2026-07-09,Pregão - Eletrônico,munck,1,,248500.0,218300.0,0.1215,pontual,False,False,https://pncp.gov.br/app/editais/25269069000146/2026/37,"Registro de Preços para futura e eventual locação de escavadeira, retroescavadeira e caminhão munck para atender as demandas da autarquia."
25269069000146_2026_47,MG,Três Pontas,SERVICO AUTONOMO DE AGUA E ESGOTO,2026-08-21,Pregão - Eletrônico,eletrica_predial,0,fornecimento_puro,128480.26,35146.53,0.3043,pontual,False,True,https://pncp.gov.br/app/editais/25269069000146/2026/47,"Aquisição de ferramentas elétricas, motorizadas, manuais e demais materiais de consumo para atender as demandas da autarquia."
25437484000161_2026_64,MG,Uberaba,UNIVERSIDADE FEDERAL DO TRIANGULO MINEIRO,2026-07-08,Pregão - Eletrônico,manutencao_predial,0,fora_escopo,1311252.88,1173229.17,0.1053,pontual,False,False,https://pncp.gov.br/app/editais/25437484000161/2026/64,"A contratação de serviços contínuos para operação e manutenção predial preventiva e corretiva, com dedicação exclusiva de mão de obra e fornecimento de peças e insumos. Esses serviços são necessários "
26040238000134_2026_29,MG,Iturama,ITURAMA CAMARA MUNICIPAL,2026-06-26,Pregão - Eletrônico,eletrica_predial,0,fornecimento_puro,41300.94,14660.13,0.2322,pontual,False,False,https://pncp.gov.br/app/editais/26040238000134/2026/29,"Escolha da proposta mais vantajosa Registro de Preços para futura e eventual aquisição de materiais de consumo diversos, destinados ao uso em serviços de manutenção predial, hidráulica, elétrica, de s"
26867770000120_2026_172,GO,Buriti de Goiás,MUNICIPIO DE BURITI DE GOIAS,2026-08-18,Pregão - Eletrônico,iluminacao_publica,0,fornecimento_puro,610111.41,158629.43,0.2488,pontual,False,False,https://pncp.gov.br/app/editais/26867770000120/2026/172,"Adesão à ata de registro de preços nº 042/2025, derivado do Pregão Eletrônico nº 042/2025, derivado do processo administrativo nº 24660/2025, do município de Abadia de Goiás – Goiás, Contratação de em"
26867770000120_2026_67,GO,Buriti de Goiás,MUNICIPIO DE BURITI DE GOIAS,2026-03-31,Pregão - Eletrônico,iluminacao_publica,0,mencao_passagem,1844896.67,1344814.5,0.0779,pontual,False,False,https://pncp.gov.br/app/editais/26867770000120/2026/67,"Contratação de empresa especializada para locação de estrutura completa para realização de eventos, contemplando som, iluminação palco, banheiros, fechamentos; estrutura completa para rodeio; fornecim"
26989350000116_2026_65,DF,Brasília,FUNDACAO NACIONAL DE SAUDE,2026-08-12,Pregão - Eletrônico,refrigeracao,0,fora_escopo,164885.68,138956.0,0.1573,pontual,False,False,https://pncp.gov.br/app/editais/26989350000116/2026/65,"Contratação de serviços contínuos de manutenção preventiva e corretiva em aparelhos de ares condicionados e bebedouros, incluindo o fornecimento de materiais e peças originais, bem como, a utilização "
26989715000102_2025_2471,MS,Campo Grande,MINISTERIO PUBLICO DA UNIAO,2025-11-19,Pregão - Eletrônico,manutencao_predial,0,fornecimento_puro,241144.81,91019.1,0.1666,pontual,False,True,https://pncp.gov.br/app/editais/26989715000102/2025/2471,"Registro de Preços para aquisição de materiais para manutenção predial diversos (materiais elétricos, hidráulicos, ferramentas, EPIs e afins), para atender às necessidades da Procuradoria Regional do "
26989715000102_2025_606,GO,Goiânia,MINISTERIO PUBLICO DA UNIAO,2025-04-23,Pregão - Eletrônico,manutencao_predial,0,fora_escopo,1405354.88,1348796.12,0.0402,continuado,False,False,https://pncp.gov.br/app/editais/26989715000102/2025/606,"Contratação de empresa especializada na prestação de serviços de manutenção predial integrada, de natureza continuada, a serem executados nas edificações da Procuradoria da República em Goiás – PR-GO "
26989715000102_2026_1070,DF,Brasília,MINISTERIO PUBLICO DA UNIAO,2026-07-21,Pregão - Eletrônico,climatizacao,1,,20283.3,19994.37,0.0142,indefinido,True,False,https://pncp.gov.br/app/editais/26989715000102/2026/1070,Contratação de pessoa jurídica especializada no ramo de engenharia para prestação de serviços de manutenção do sistema de climatização a serem realizados na Procuradoria de Justiça Militar em Salvador
26989715000102_2026_1206,DF,Brasília,MINISTERIO PUBLICO DA UNIAO,2026-08-12,Pregão - Eletrônico,eletrica_predial,1,,1325894.76,1121374.65,0.1543,continuado,False,False,https://pncp.gov.br/app/editais/26989715000102/2026/1206,"Contratação de empresa especializada para prestação de serviços técnicos continuados de manutenção predial, com disponibilização de mão de obra de dedicação exclusiva e fornecimento de insumos (materi"
26989715000102_2026_1341,DF,Brasília,MINISTERIO PUBLICO DA UNIAO,2026-09-01,Pregão - Eletrônico,climatizacao,1,,52954.97,44675.0,0.1564,pontual,True,False,https://pncp.gov.br/app/editais/26989715000102/2026/1341,"Contratação de pessoa jurídica especializada no ramo de engenharia para prestação de serviços de desinstalação, fornecimento e instalação de 5 (cinco) equipamentos de climatização quente/frio, split c"
26989715000102_2026_347,MT,Cuiabá,MINISTERIO PUBLICO DA UNIAO,2026-03-26,Pregão - Eletrônico,manutencao_predial,0,fora_escopo,82013.9,74981.64,0.0857,continuado,False,False,https://pncp.gov.br/app/editais/26989715000102/2026/347,"Prestação de serviços continuados com dedicação exclusiva de mão de obra, na categoria MANUTENÇÃO PREVENTIVA E CORRETIVA PREDIAL para a Procuradoria da República em Mato Grosso e PRM’s vinculadas, con"
26989715000102_2026_451,DF,Brasília,MINISTERIO PUBLICO DA UNIAO,2026-04-16,Pregão - Eletrônico,munck,0,fora_escopo,4528970.31,4336335.36,0.0425,continuado,False,False,https://pncp.gov.br/app/editais/26989715000102/2026/451,"Contratação de empresa especializada na prestação de serviços técnicos continuados de adequação e manutenção nos sistemas de ar-condicionado, automação predial, sistema de detecção, alarme e combate d"
26994558000123_2026_126,DF,Brasília,ADVOCACIA GERAL DA UNIAO,2026-07-16,Pregão - Eletrônico,refrigeracao,1,,887917.5,665913.0,0.25,pontual,False,False,https://pncp.gov.br/app/editais/26994558000123/2026/126,"Contratação de serviços de engenharia, contínuos, de manutenção preventiva e corretiva e Instalação/Desinstalação nos equipamentos de refrigeração, climatização e ventilação, com fornecimento de mão d"
27136980000100_2026_35,DF,Brasília,"MINISTERIO DA MULHER, DA FAMILIA E DOS DIREITOS HUMANOS",2026-08-17,Pregão - Eletrônico,eletrica_predial,1,,6275338.39,4455490.2569,0.29,pontual,False,False,https://pncp.gov.br/app/editais/27136980000100/2026/35,"Contratação de serviços contínuos de manutenção preventiva, corretiva e preditiva dos Sistemas de Energia Elétrica, Eletrônicos Complementares, de Climatização e Hidrossanitários além do Sistema Predi"
33618570000107_2026_31,DF,Brasília,CONSELHO FEDERAL DE CONTABILIDADE,2026-07-27,Pregão - Eletrônico,eletrica_predial,1,,205402.61,191299.6,0.0687,pontual,False,False,https://pncp.gov.br/app/editais/33618570000107/2026/31,"Contratação de empresa especializada para o fornecimento de serviços em 3 itens distintos, sendo o item 1 a prestação de serviços contínuos de manutenção predial preventiva e corretiva das instalações"
33683822000173_2026_26,MT,Nova Bandeirantes,MUNICIPIO DE NOVA BANDEIRANTES,2026-06-24,Pregão - Eletrônico,eletrica_predial,0,equipamento_alto,1721276.37,216030.14,0.4446,pontual,False,True,https://pncp.gov.br/app/editais/33683822000173/2026/26,"REGISTRO DE PREÇOS PARA FUTURA E EVENTUAL AQUISIÇÃO DE MATERIAIS ELÉTRICOS E MATERIAIS DESTINADOS À MANUTENÇÃO DA ILUMINAÇÃO PÚBLICA, OBJETIVANDO ATENDER ÀS DEMANDAS DE MANUTENÇÃO PREVENTIVA E CORRETI"
33683822000173_2026_44,MT,Nova Bandeirantes,MUNICIPIO DE NOVA BANDEIRANTES,2026-06-24,Pregão - Eletrônico,climatizacao,0,equipamento_alto,14852.33,9441.849999999999,0.3643,pontual,False,False,https://pncp.gov.br/app/editais/33683822000173/2026/44,"REGISTRO DE PREÇOS PARA FUTURA E EVENTUAL AQUISIÇÃO DE EQUIPAMENTOS E MATERIAIS PERMANENTES, DESTINADOS À MELHORIA DAS CONDIÇÕES OPERACIONAIS DO HOSPITAL MUNICIPAL DE NOVA BANDEIRANTES/MT, COMPREENDEN"
33683822000173_2026_45,MT,Nova Bandeirantes,MUNICIPIO DE NOVA BANDEIRANTES,2026-06-24,Pregão - Presencial,eletrica_predial,1,,82800.0,78000.0,0.058,continuado,False,False,https://pncp.gov.br/app/editais/33683822000173/2026/45,"CONTRATAÇÃO DE EMPRESA ESPECIALIZADA NA PRESTAÇÃO DE SERVIÇOS CONTÍNUOS DE MANUTENÇÃO PREDIAL, COM DISPONIBILIZAÇÃO DE MÃO DE OBRA EXCLUSIVA DE ELETRICISTA, PARA EXECUÇÃO DE ATIVIDADES PREVENTIVAS, CO"
35834377000120_2025_69,GO,Catalão,UNIVERSIDADE FEDERAL DE CATALAO,2025-09-08,Pregão - Eletrônico,refrigeracao,0,fora_escopo,1682056.49,1436865.24,0.1458,indefinido,False,False,https://pncp.gov.br/app/editais/35834377000120/2025/69,"Serviços de Assistente de Engenharia, Encarregado de Manutenção Predial, Mecânico de Refrigeração, Encanador, Marceneiro, Eletricista, Pintor, Pedreiro e Auxiliar de, Manutenção Predial."
35840659000130_2024_48,GO,Jataí,UNIVERSIDADE FEDERAL DE JATAI,2024-10-11,Pregão - Eletrônico,manutencao_predial,0,fora_escopo,1931783.11,3170487.9499999997,0.1381,indefinido,False,False,https://pncp.gov.br/app/editais/35840659000130/2024/48,Contratação de serviços de prestação de serviços de manutenção preventiva e corretiva predial e atividades  operacionais/administrativas para apoio a secretaria de infraestrutura/SEINFRA.   
35840659000130_2025_13,GO,Jataí,UNIVERSIDADE FEDERAL DE JATAI,2025-06-23,Pregão - Eletrônico,eletrica_predial,1,,1757581.52,1625205.6552,0.0753,indefinido,False,False,https://pncp.gov.br/app/editais/35840659000130/2025/13,Contratação de serviços contínuos de MANUTENÇÃO PREVENTIVA E CORRETIVA DE REDE ELÉTRICA DE MÉDIA TENSÃO E ILUMINAÇÃO PÚBLICA
35840659000130_2026_27,GO,Jataí,UNIVERSIDADE FEDERAL DE JATAI,2026-04-14,Pregão - Eletrônico,manutencao_predial,0,fora_escopo,3663619.8,3352838.16,0.0848,pontual,False,False,https://pncp.gov.br/app/editais/35840659000130/2026/27,"Contratação de  serviços  contínuos e eventuais, de manutenção preventiva e corretiva predial, serviços de  manutenção e conservação de áreas urbanas e rurais, apoio técnico-operacional, com o forneci"
36975571000199_2025_866,GO,Goianésia,FUNDO MUNICIPAL DE SAUDE,2025-10-02,Pregão - Eletrônico,climatizacao,1,,196282.66,183666.3,0.0643,pontual,False,False,https://pncp.gov.br/app/editais/36975571000199/2025/866,REGISTRO DE PREÇOS PARA A CONTRATAÇÃO DE EMPRESA PARA O FORNECIMENTO DE TABLETS E APARELHOS DE AR CONDICIONADO E MOBILIÁRIO PARA A SECRETARIA MUNICIPAL DE SAÚDE NO MUNÍCIPIO DE GOIANÉSIA/GO.
36975571000199_2026_132,GO,Goianésia,FUNDO MUNICIPAL DE SAUDE,2026-03-16,Pregão - Eletrônico,iluminacao_publica,0,fornecimento_puro,374790.23,374790.23,0.0,pontual,False,False,https://pncp.gov.br/app/editais/36975571000199/2026/132,"ADESÃO À ATA DE REGISTRO DE PREÇOS PARA A AQUISIÇÃO DE MATERIAIS DESTINADOS À ILUMINAÇÃO PÚBLICA E À MANUTENÇÃO PREDIAL, COM A FINALIDADE DE ATENDER ÀS DEMANDAS DO NOVO HOSPITAL MUNICIPAL, VINCULADO À"
36975571000199_2026_200,GO,Goianésia,FUNDO MUNICIPAL DE SAUDE,2026-04-30,Pregão - Eletrônico,climatizacao,1,,3295521.5,1144000.0,0.6529,pontual,False,False,https://pncp.gov.br/app/editais/36975571000199/2026/200,PROCESSO LICITATORIO MODALIDADE REGISTRO DE PREÇO PARA CONTRATAÇÃO DE EMPRESA ESPECIALIZADA NA PRESTAÇÃO DE SERVIÇOS POR EMPREITADA GLOBAL DE MANUTENÇÃO PREVENTIVA E CORRETIVA DOS CONDICIONADORES DE A
36985463000105_2026_19,GO,Cocalzinho de Goiás,MUNICIPIO DE COCALZINHO DE GOIAS,2026-01-16,Concorrência - Eletrônica,iluminacao_publica,1,,534849.05,400000.0,0.2521,indefinido,False,False,https://pncp.gov.br/app/editais/36985463000105/2026/19,"EXECUÇÃO DE ILUMINAÇÃO PÚBLICA NO DISTRITO DE EDILÂNDIA, MUNICÍPIO DE COCALZINHO DE GOIÁS, REFERENTE AO PROCESSO N° 202300042000314."
37115342000167_2026_57,DF,Brasília,MINISTERIO DOS TRANSPORTES,2026-08-05,Pregão - Eletrônico,climatizacao,1,,5033508.82,3786385.81,0.2478,continuado,False,False,https://pncp.gov.br/app/editais/37115342000167/2026/57,"Contratação de serviços continuados de engenharia, com dedicação exclusiva de mão de obra, para a realização de manutenção preventiva, preditiva e corretiva dos sistemas de climatização das edificaçõe"
37226644000102_2026_15,MS,Novo Horizonte do Sul,MUNICIPIO DE NOVO HORIZONTE DO SUL,2026-02-12,Pregão - Presencial,refrigeracao,0,fora_escopo,386537.28,215357.76,0.3619,indefinido,False,False,https://pncp.gov.br/app/editais/37226644000102/2026/15,"CONTRATAÇÃO DE EMPRESA ESPECIALIZADA NA PRESTAÇÃO DE SERVIÇOS DE MANUTENÇÃO PREVENTIVA E CORRETIVA EM EQUIPAMENTOS DE CLIMATIZAÇÃO E REFRIGERAÇÃO, COMPREENDENDO APARELHOS DE AR-CONDICIONADO, CORTINAS "
37226644000102_2026_69,MS,Novo Horizonte do Sul,MUNICIPIO DE NOVO HORIZONTE DO SUL,2026-05-29,Pregão - Presencial,climatizacao,1,,205691.43,129288.0,0.3714,pontual,False,False,https://pncp.gov.br/app/editais/37226644000102/2026/69,"REGISTRO DE PREÇOS PARA FUTURA E EVENTUAL CONTRATAÇÃO DE EMPRESA ESPECIALIZADA NA PRESTAÇÃO DE SERVIÇOS DE MANUTENÇÃO PREVENTIVA E CORRETIVA EM EQUIPAMENTOS DE CLIMATIZAÇÃO E REFRIGERAÇÃO, COMPREENDEN"
37226644000102_2026_95,MS,Novo Horizonte do Sul,MUNICIPIO DE NOVO HORIZONTE DO SUL,2026-08-14,Pregão - Eletrônico,munck,0,fornecimento_puro,195424.63,142390.0,0.2714,pontual,False,False,https://pncp.gov.br/app/editais/37226644000102/2026/95,"AQUISIÇÃO DE 03 (TRÊS) IMPLEMENTOS AGRÍCOLAS, SENDO 01 (UMA) CALCAREADEIRA AGRÍCOLA, 01 (UMA) CARRETA AGRÍCOLA BASCULANTE E 01 (UM) GUINCHO AGRÍCOLA HIDRÁULICO PARA BIG BAG, TODOS NOVOS, SEM USO ANTER"
37344397000149_2026_11,TO,Cariri do Tocantins,MUNICIPIO DE CARIRI DO TOCANTINS,2026-07-03,Concorrência - Eletrônica,iluminacao_publica,1,,555405.36,555405.36,0.0,indefinido,False,False,https://pncp.gov.br/app/editais/37344397000149/2026/11,[LICITANET] - CONTRATAÇÃO DE EMPRESA ESPECIALIZADA PARA A EXECUÇÃO DOS SERVIÇOS DE IMPLANTAÇÃO DE SISTEMA DE ILUMINAÇÃO PÚBLICA EM LED NA CALÇADA DE PASSEIO DO BALNEÁRIO MUNICIPAL DE CARIRI DO TOCANTI
37388295000125_2025_20,GO,Professor Jamil,MUNICIPIO DE PROFESSOR JAMIL,2025-12-16,Pregão - Eletrônico,iluminacao_publica,0,fornecimento_puro,1034156.24,698060.1299999999,0.0868,pontual,False,False,https://pncp.gov.br/app/editais/37388295000125/2025/20,Aquisição de acessórios e equipamentos visando à manutenção da iluminação publica e suprimentos elétricos diversos em atendimento a demanda do Município de Professor  jamil.
37426889000183_2025_4,GO,Senador Canedo,AGENCIA DE SANEAMENTO DE SENADOR CANEDO - SANESC,2025-04-10,Pregão - Eletrônico,manutencao_predial,0,fora_escopo,1500000.0,1500000.0,0.0,pontual,False,False,https://pncp.gov.br/app/editais/37426889000183/2025/4,"Adesão de ARP interna referente a Contratação de empresa especializada para prestar serviços através de outsourcing, com a utilização de solução informatizada sob tecnologia WEB, para manutenção predi"
37426889000183_2026_3,GO,Senador Canedo,AGENCIA DE SANEAMENTO DE SENADOR CANEDO - SANESC,2026-03-09,Pregão - Eletrônico,climatizacao,1,,56988.3,56988.3,0.0,pontual,False,False,https://pncp.gov.br/app/editais/37426889000183/2026/3,"CONTRATAÇÃO DE EMPRESA PARA EXECUTAR SERVIÇOS DE MANUTENÇÃO PREVENTIVA, CORRETIVA, INSTALAÇÃO E DESINSTALAÇÃO DE APARELHOS DE AR CONDICIONADO, INCLUINDO O FORNECIMENTO DE PEÇAS E INSUMOS."
37465309000167_2026_45,MT,Cotriguaçu,MUNICIPIO DE COTRIGUACU,2026-06-03,Pregão - Eletrônico,refrigeracao,0,fornecimento_puro,494142.65,467670.35,0.0536,pontual,False,False,https://pncp.gov.br/app/editais/37465309000167/2026/45,"FUTURA E EVENTUAL AQUISIÇÃO DE MATERIAIS E PEÇAS DESTINADOS À INSTALAÇÃO E MANUTENÇÃO DE EQUIPAMENTOS DE REFRIGERAÇÃO, VISANDO ATENDER ÀS DEMANDAS DAS SECRETARIAS MUNICIPAIS DO MUNICÍPIO DE COTRIGUAÇU"
45316509000186_2025_144,TO,Porto Nacional,SECRETARIA MUNICIPAL DE COMPRAS E LICITAÇÕES,2025-12-04,Pregão - Eletrônico,refrigeracao,0,fora_escopo,3865678.12,1813770.78,0.4918,pontual,False,False,https://pncp.gov.br/app/editais/45316509000186/2025/144,"[Portal de Compras Públicas] - REGISTRO DE PREÇOS, PARA EVENTUAL E FUTURA CONTRATAÇÃO DE EMPRESA (S) ESPECIALIZADA (S) PARA PRESTAÇÃO DE SERVIÇOS DE MANUTENÇÃO E AQUISIÇÃO DE PEÇAS, COMPONENTES E ACES"
45960936000100_2026_103,GO,Silvânia,FUNDO MUNICIPAL DE EDUCAÇÃO - FME,2026-05-08,Pregão - Eletrônico,manutencao_predial,0,fora_escopo,1933069.36,1799687.55,0.069,pontual,False,False,https://pncp.gov.br/app/editais/45960936000100/2026/103,SOLICITA CONTRATAÇÃO DE EMPRESA ESPECIALIZADA PARA MANUTENÇÃO PREDIAL PREVENTIVA E CORRETIVA DAS INSTALAÇOES/DEPENDENCIAS DOS EDIFICIOS PUBLICOS
49868348000194_2026_13,MG,Itamarandiba,Fundacao Hospitalar Dr. Afonso Pavie-Fhap,2026-07-14,Pregão - Eletrônico,manutencao_predial,0,fornecimento_puro,71000.0,64189.6,0.0419,pontual,True,False,https://pncp.gov.br/app/editais/49868348000194/2026/13,"REGISTRO DE PREÇOS PARA FUTURA E EVENTUAL AQUISIÇÃO DE MATERIAIS DE CONSTRUÇÃO, POR MEIO DO CRITÉRIO DE JULGAMENTO DE MAIOR DESCONTO PERCENTUAL POR LOTE, INCIDENTE SOBRE OS VALORES CONSTANTES DA TABEL"
50563382000130_2024_182,GO,Goianésia,FME-FUNDO MUNICIPAL DE EDUCACAO,2024-11-14,Pregão - Eletrônico,manutencao_predial,0,fora_escopo,331500.0,331500.0,0.0,pontual,False,False,https://pncp.gov.br/app/editais/50563382000130/2024/182,"ADESÃO À ATA DE REGISTRO DE PREÇOS, PARA CONTRATAÇÃO DE EMPRESA ESPECIALIZADA NA PRESTAÇÃO DE SERVIÇOS, SOB DEMANDA, DE REPAROS DE MANUTENÇÃO PREDIAL COM FORNECIMENTO DE MATERIAIS E MÃO-DE-OBRA, CONFO"
50563382000130_2024_184,GO,Goianésia,FME-FUNDO MUNICIPAL DE EDUCACAO,2024-12-02,Pregão - Eletrônico,manutencao_predial,0,fora_escopo,187500.0,187500.0,0.0,pontual,False,False,https://pncp.gov.br/app/editais/50563382000130/2024/184,"ADESÃO À ATA DE REGISTRO DE PREÇOS, VISANDO A CONTRATAÇÃO DE EMPRESA ESPECIALIZADA NA PRESTAÇÃO DE SERVIÇOS, SOB DEMANDA, PRESTAR SERVIÇOS DE REPAROS DE MANUTENÇÃO PREDIAL COM FORNECIMENTO DE MATERIAI"
50563382000130_2026_20,GO,Goianésia,FME-FUNDO MUNICIPAL DE EDUCACAO,2026-02-04,Pregão - Presencial,manutencao_predial,0,fora_escopo,582589.98,582589.98,0.0,pontual,False,False,https://pncp.gov.br/app/editais/50563382000130/2026/20,"ADESÃO A ATA DE REGISTRO DE PREÇOS, VISANDO A CONTRATAÇÃO DE EMPRESA PARA PRESTAÇÃO DE SERVIÇOS DE MANUTENÇÃO PREDIAL, CONTEMPLANDO O FORNECIMENTO DE MATERIAIS, EQUIPAMENTOS, FERRAMENTAS, EPIS E MÃO D"
55262249000167_2025_40,GO,Palmeiras de Goiás,FUNDO MUNICIPAL DE EDUCACAO BASICA - FMEB,2025-06-17,Pregão - Eletrônico,climatizacao,1,,310149.3,197900.0,0.3619,indefinido,False,False,https://pncp.gov.br/app/editais/55262249000167/2025/40,EMPRESA ESPECIALIZADA EM MANUTENÇÃO PREVENTIVA E CORRETIVA DE APARELHOS DE AR CONDICIONADO
56085410000137_2026_61,MT,Cuiabá,SECRETARIA DE ESTADO DE MEIO AMBIENTE DE MATO GROSSO,2026-09-02,Pregão - Eletrônico,climatizacao,1,,406931.68,233354.88999999998,0.4266,continuado,False,False,https://pncp.gov.br/app/editais/56085410000137/2026/61,"Prestação de serviços continuados de manutenção preventiva e corretiva de condicionadores de ar, com fornecimento de peças, componentes e acessórios novos e originais, quando for o caso, com instalaçã"
59558305000166_2026_4,MT,Cuiabá,CONSORCIO INTERFEDERATIVO DE COMPRAS PUBLICAS DO ESTADO DE MATO GROSSO,2026-04-16,Concorrência - Eletrônica,manutencao_predial,0,fora_escopo,174.0,89.0,-0.023,pontual,False,True,https://pncp.gov.br/app/editais/59558305000166/2026/4,"[LICITANET] - REGISTRO DE PREÇOS PARA FUTURA E EVENTUAL CONTRATAÇÃO DE EMPRESA(S) ESPECIALIZADA(S) PARA PRESTAÇÃO DE SERVIÇOS, SOB DEMANDA, DE MANUTENÇÃO PREDIAL PREVENTIVA E CORRETIVA E REPAROS EM ED"
64794950000118_2026_1,GO,Caçu,FUNDO MUNICIPAL DE CULTURA - FMC,2026-08-20,Pregão - Eletrônico,iluminacao_publica,0,equipamento_alto,153740.03,109872.6,0.2853,pontual,False,False,https://pncp.gov.br/app/editais/64794950000118/2026/1,"[LICITANET] - CONTRATAÇÃO DE EMPRESA ESPECIALIZADA PARA PRESTAÇÃO DE SERVIÇOS DE LOCAÇÃO, MONTAGEM, OPERAÇÃO, MANUTENÇÃO E DESMONTAGEM DE ESTRUTURAS E EQUIPAMENTOS DE SONORIZAÇÃO, ILUMINAÇÃO, PAINEL D"
66229857000196_2026_54,MG,Caratinga,CAMARA MUNICIPAL DE CARATINGA,2026-08-07,Pregão - Eletrônico,climatizacao,1,,352080.3,250000.00000000003,0.2899,indefinido,False,False,https://pncp.gov.br/app/editais/66229857000196/2026/54,selecionar proposta para o Programa de Manutencao  Operacao e Controle de Manutencao Continua   PMOC   Instalacao  Desinstalacao  Limpeza  Manutencao Preventiva e Manutencao Corretiva de Aparelhos Con
73357469000156_2026_127,MG,Lagoa Santa,MUNICIPIO DE LAGOA SANTA,2026-08-17,Pregão - Eletrônico,iluminacao_publica,0,obra_grande,1549795.37,1059000.0,0.3167,pontual,False,False,https://pncp.gov.br/app/editais/73357469000156/2026/127,"REGISTRO DE PREÇOS PARA A PRESTAÇÃO DE SERVIÇOS DE ENGENHARIA DESTINADOS À EXECUÇÃO DE OBRAS DE INFRAESTRUTURA URBANA NO SEGMENTO DE ILUMINAÇÃO PÚBLICA, COMPREENDENDO FUTURAS INSTALAÇÕES DE ILUMINAÇÃO"
